Year,Community,Treatment,Chamber,SCmass_m2,SCdensity_m2,SPmass_m2,SPdensity_m2,DImass_m2,DIdensity_m2,OTHERmass_m2,OTHERdensity_m2
1987,MX,A,2,100.9862926,231.9148936,167.1,2280,120.3,1240,0,0
1987,MX,A,6,73.37517061,180.8510638,293.1,3260,38.3,280,0,0
1987,MX,A,9,21.20349678,80.85106383,314.6,3640,103.4,900,0,0
1987,MX,A,12,88.99588379,263.8297872,275.8,2420,231.7,1860,0,0
1987,MX,A,15,77.63388621,225.5319149,286.2,3220,72.8,280,0,0
1987,MX,C,3,87.57793318,221.2765957,390.1,2900,154.7,1440,0,0
1987,MX,C,5,69.22081539,217.0212766,285.4,2860,41.5,360,0,0
1987,MX,C,7,90.98468862,276.5957447,0,0,382.4,4480,0,0
1987,MX,C,10,84.3016183,242.5531915,374.9,3720,48.7,680,0,0
1987,MX,C,14,23.08120497,114.893617,468,5300,0,0,0,0
1987,MX,E,1,157.6149685,323.4042553,184.5,2740,227.4,1420,0,0
1987,MX,E,4,135.8491785,327.6595745,202,4300,94.4,940,0,0
1987,MX,E,8,140.9153819,355.3191489,0,0,411.4,3680,0,0
1987,MX,E,11,205.3712243,410.6382979,596.3,6560,12.7,160,0,0
1987,MX,E,13,51.12814715,155.3191489,244,2500,138.7,840,0,0
1987,SC,A,2,591.6335597,678.7234043,0,0,0,0,0,0
1987,SC,A,4,859.8711493,787.2340426,0,0,0,0,0,0
1987,SC,A,8,670.1614112,831.9148936,0,0,0,0,0,0
1987,SC,A,12,444.8918262,702.1276596,0,0,0,0,0,0
1987,SC,A,15,479.7838321,702.1276596,0,0,0,0,0,0
1987,SC,C,3,590.6997371,631.9148936,0,0,0,0,0,0
1987,SC,C,5,587.1876344,814.893617,0,0,0,0,0,0
1987,SC,C,7,670.6051247,648.9361702,0,0,0,0,0,0
1987,SC,C,11,525.9127806,761.7021277,0,0,0,0,0,0
1987,SC,C,13,436.3251916,578.7234043,0,0,0,0,0,0
1987,SC,E,1,835.7605167,997.8723404,0,0,0,0,0,0
1987,SC,E,6,701.4162569,963.8297872,0,0,0,0,0,0
1987,SC,E,9,694.2712857,897.8723404,0,0,0,0,0,0
1987,SC,E,10,656.0516539,840.4255319,0,0,0,0,0,0
1987,SC,E,14,533.1660237,772.3404255,0,0,0,0,0,0
1987,SP,A,2,0,0,539.2,-99,0,0,0,0
1987,SP,A,5,0,0,486.7,-99,0,0,0,0
1987,SP,A,9,0,0,415.1,-99,0,0,0,0
1987,SP,A,11,0,0,363.9,-99,0,0,0,0
1987,SP,A,13,0,0,236.7,-99,0,0,0,0
1987,SP,C,3,0,0,327.1,-99,0,0,0,0
1987,SP,C,6,0,0,374,-99,0,0,0,0
1987,SP,C,7,0,0,250,-99,0,0,0,0
1987,SP,C,12,0,0,324,-99,0,0,0,0
1987,SP,C,15,0,0,480.7,-99,0,0,0,0
1987,SP,E,1,0,0,315,-99,0,0,0,0
1987,SP,E,4,0,0,453.4,-99,0,0,0,0
1987,SP,E,8,0,0,340.9,-99,0,0,0,0
1987,SP,E,10,0,0,195.2,-99,0,0,0,0
1987,SP,E,14,0,0,367.1,-99,0,0,0,0
1988,MX,A,2,52.93430615,148.9361702,194.77,1480,307.52,1420,0,0
1988,MX,A,6,61.51463975,153.1914894,541.53,4620,88.73,540,0,0
1988,MX,A,9,4.008855768,19.14893617,132.74,1600,178.45,1580,0,0
1988,MX,A,12,26.72273611,80.85106383,343.42,2080,233.87,1420,0,0
1988,MX,A,15,37.53068498,100,490.38,2940,89.91,520,0,0
1988,MX,C,3,40.33602201,146.8085106,150.92,2000,319.3,1560,0,0
1988,MX,C,5,34.99664731,123.4042553,663.2,4220,158.19,540,0,0
1988,MX,C,7,39.86071246,127.6595745,0,0,600.17,4000,0,0
1988,MX,C,10,89.93954443,229.787234,452.11,3360,89.37,760,0,0
1988,MX,C,14,7.565899792,31.91489362,651.39,4520,34.5,280,0,0
1988,MX,E,1,153.7050236,370.212766,301.64,1620,369.15,2040,0,0
1988,MX,E,4,131.8353973,308.5106383,357.58,2740,171.12,1300,0,0
1988,MX,E,8,92.4908115,227.6595745,0,0,549.49,3040,0,0
1988,MX,E,11,239.0728647,521.2765957,466.87,3120,36.78,400,0,0
1988,MX,E,13,74.71518344,189.3617021,369.85,2680,217.07,1220,0,0
1988,SC,A,2,586.7657182,906.3829787,0,0,0,0,0,0
1988,SC,A,4,833.0706737,910.6382979,0,0,0,0,0,0
1988,SC,A,8,586.4308111,791.4893617,0,0,0,0,0,0
1988,SC,A,12,380.3517438,755.3191489,0,0,0,0,0,0
1988,SC,A,15,346.9245703,689.3617021,0,0,0,0,0,0
1988,SC,C,3,586.4751596,736.1702128,0,0,0,0,0,0
1988,SC,C,5,593.9096924,863.8297872,0,0,0,0,0,0
1988,SC,C,7,715.0974272,900,0,0,0,0,0,0
1988,SC,C,11,451.6923969,808.5106383,0,0,0,0,0,0
1988,SC,C,13,406.0292269,729.787234,0,0,0,0,0,0
1988,SC,E,1,749.6588521,1102.12766,0,0,0,0,0,0
1988,SC,E,6,643.3242254,965.9574468,0,0,0,0,0,0
1988,SC,E,9,676.2861096,1021.276596,0,0,0,0,0,0
1988,SC,E,10,614.8623901,919.1489362,0,0,0,0,0,0
1988,SC,E,14,431.6286383,723.4042553,0,0,0,0,0,0
1988,SP,A,2,0,0,476.214,2500,0,0,0,0
1988,SP,A,5,0,0,700.615,4420,0,0,0,0
1988,SP,A,9,0,0,348.369,2220,0,0,0,0
1988,SP,A,11,0,0,329.789,2680,0,0,0,0
1988,SP,A,13,0,0,307.52,3740,0,0,0,0
1988,SP,C,3,0,0,363.011,2580,0,0,0,0
1988,SP,C,6,0,0,724.284,5580,0,0,0,0
1988,SP,C,7,0,0,547.218,5540,0,0,0,0
1988,SP,C,12,0,0,571.817,4640,0,0,0,0
1988,SP,C,15,0,0,629.379,5260,0,0,0,0
1988,SP,E,1,0,0,237.223,1980,0,0,0,0
1988,SP,E,4,0,0,718.462,3940,0,0,0,0
1988,SP,E,8,0,0,316.882,3920,0,0,0,0
1988,SP,E,10,0,0,297.729,2940,0,0,0,0
1988,SP,E,14,0,0,336.18,2640,0,0,0,0
1989,MX,A,2,125.2114663,168.0851064,686.48,5480,546.552,3120,-99,-99
1989,MX,A,6,79.77801207,110.6382979,498.212,5520,145.988,1000,-99,-99
1989,MX,A,9,14.32980012,34.04255319,570.76,5440,222.912,1600,-99,-99
1989,MX,A,12,62.45970515,117.0212766,426.8,3280,540.964,3120,-99,-99
1989,MX,A,15,65.04519581,129.787234,801.12,5000,97.08,920,-99,-99
1989,MX,C,3,68.49938663,127.6595745,564.44,3640,272.02,1440,-99,-99
1989,MX,C,5,66.02480195,138.2978723,883.28,6040,48.66,400,-99,-99
1989,MX,C,7,50.92321351,70.21276596,0,0,598.36,3840,-99,-99
1989,MX,C,10,111.9693045,148.9361702,836.084,6080,60.732,600,-99,-99
1989,MX,C,14,1.591981258,10.63829787,818.2,5640,39.84,200,-99,-99
1989,MX,E,1,263.6361497,336.1702128,110.64,1240,682.376,3760,-99,-99
1989,MX,E,4,201.1786615,261.7021277,785.76,6520,233.372,1400,-99,-99
1989,MX,E,8,157.0752372,261.7021277,8.36,40,799.78,4560,-99,-99
1989,MX,E,11,362.3970092,434.0425532,541.56,3200,41.476,200,-99,-99
1989,MX,E,13,110.0168281,197.8723404,598.76,4160,118.396,880,-99,-99
1989,SC,A,2,737.1406587,772.3404255,-99,153,-99,0,-99,46
1989,SC,A,4,1361.645547,827.6595745,-99,5,-99,37,-99,29
1989,SC,A,8,1065.895799,721.2765957,-99,9,-99,137,-99,14
1989,SC,A,12,468.6967672,561.7021277,-99,75,-99,43,-99,6
1989,SC,A,15,256.6286172,321.2765957,-99,0,-99,680,-99,0
1989,SC,C,3,1147.479337,793.6170213,-99,4,-99,0,-99,4
1989,SC,C,5,783.2309642,638.2978723,-99,68,-99,7,-99,8
1989,SC,C,7,998.9061592,710.6382979,-99,0,-99,0,-99,17
1989,SC,C,11,250.3530267,225.5319149,-99,8,-99,153,-99,18
1989,SC,C,13,301.9608668,382.9787234,-99,66,-99,248,-99,3
1989,SC,E,1,907.5672198,872.3404255,-99,3,-99,104,-99,74
1989,SC,E,6,782.5579083,717.0212766,-99,313,-99,119,-99,10
1989,SC,E,9,747.779895,706.3829787,-99,0,-99,146,-99,48
1989,SC,E,10,894.0950532,836.1702128,-99,6,-99,0,-99,59
1989,SC,E,14,395.4639012,485.106383,-99,7,-99,605,-99,7
1989,SP,A,2,0,0,858.36,2760,0,0,0,0
1989,SP,A,5,0,0,673.08,3160,0,0,0,0
1989,SP,A,9,0,0,792.72,4680,0,0,0,0
1989,SP,A,11,0,0,845,4880,0,0,0,0
1989,SP,A,13,0,0,760.96,6120,0,0,0,0
1989,SP,C,3,0,0,1215.36,5760,0,0,0,0
1989,SP,C,6,0,0,824.24,4520,0,0,0,0
1989,SP,C,7,0,0,644.56,4560,0,0,0,0
1989,SP,C,12,0,0,824.96,5520,0,0,0,0
1989,SP,C,15,0,0,799.52,5000,0,0,0,0
1989,SP,E,1,0,0,941.52,3320,0,0,0,0
1989,SP,E,4,0,0,838.4,2840,0,0,0,0
1989,SP,E,8,0,0,807.84,4920,0,0,0,0
1989,SP,E,10,0,0,836.4,4080,0,0,0,0
1989,SP,E,14,0,0,894.24,6920,0,0,0,0
1990,MX,A,2,191.3255418,253.1914894,454.6666667,2133.333333,485,2600,-99,-99
1990,MX,A,6,107.9661973,170.212766,55.96666667,300,451.9633333,1966.666667,-99,-99
1990,MX,A,9,9.017461834,19.14893617,1035.333333,5200,416.3333333,2633.333333,-99,-99
1990,MX,A,12,28.24563322,63.82978723,749,3800,356.95,2400,-99,-99
1990,MX,A,15,34.79424626,63.82978723,1100.666667,5133.333333,198.6666667,933.3333333,-99,-99
1990,MX,C,3,64.03686684,110.6382979,553.8333333,3400,367.3333333,1933.333333,-99,-99
1990,MX,C,5,55.32163825,108.5106383,666.2666667,3066.666667,58.92333333,366.6666667,-99,-99
1990,MX,C,7,104.8252597,178.7234043,0,0,624.7366667,3400,-99,-99
1990,MX,C,10,69.35388038,89.36170213,937.5666667,4766.666667,125.6666667,1266.666667,-99,-99
1990,MX,C,14,0.303563742,2.127659575,469.6666667,4066.666667,22,133.3333333,-99,-99
1990,MX,E,1,250.4552658,331.9148936,57.8,166.6666667,651.76,3733.333333,-99,-99
1990,MX,E,4,154.8915619,265.9574468,279.4,1300,189.8,966.6666667,-99,-99
1990,MX,E,8,60.07634172,108.5106383,0,0,787.7,4300,-99,-99
1990,MX,E,11,147.9540276,212.7659575,875.3333333,3833.333333,0.666666667,33.33333333,-99,-99
1990,MX,E,13,70.23752959,151.0638298,678.3333333,3266.666667,219.55,1366.666667,-99,-99
1990,SC,A,2,844.220859,997.8723404,74.68,448,0,0,24.894,10
1990,SC,A,4,1308.151385,1012.765957,4.92,24,10.68,61,11.38,3
1990,SC,A,8,590.4512645,634.0425532,2.85,17,39.67,151,48.05,13
1990,SC,A,12,243.4539983,344.6808511,14.57,176,26.1,161,24.13,14
1990,SC,A,15,136.7866837,174.4680851,2.37,13,110.97,869,129.29,6
1990,SC,C,3,1003.63945,819.1489362,0,0,0,0,60.505,4
1990,SC,C,5,826.1855455,708.5106383,5.86,34,1.35,13,55.01,7
1990,SC,C,7,1019.490162,738.2978723,0,0,0.244,2,4.733,33
1990,SC,C,11,326.3332246,319.1489362,18.02,127,42.4,278,39.344,52
1990,SC,C,13,237.0658682,285.106383,35.74,218,60.21,324,23.34,0
1990,SC,E,1,896.1883108,1029.787234,0,0,45.56,212,23.478,3
1990,SC,E,6,659.3365468,712.7659575,67.91,314,24.33,97,81.32,4
1990,SC,E,9,597.7745134,727.6595745,0.65,3,26.37,177,27.98,28
1990,SC,E,10,587.1678877,738.2978723,2.47,10,0,0,38.05,111
1990,SC,E,14,216.3371853,382.9787234,4.85,31,83.15,499,163.53,0
1990,SP,A,2,0,0,1315.866667,5566.666667,0,0,0,0
1990,SP,A,5,0,0,1265.666667,5666.666667,0,0,0,0
1990,SP,A,9,0,0,1155.333333,6233.333333,0,0,0,0
1990,SP,A,11,0,0,1416.666667,9066.666667,0,0,0,0
1990,SP,A,13,0,0,1272.333333,9366.666667,0,0,0,0
1990,SP,C,3,0,0,1822.566667,8666.666667,0,0,0,0
1990,SP,C,6,0,0,716.3333333,4100,19.46666667,200,0,0
1990,SP,C,7,0,0,1296.333333,7333.333333,0,0,0,0
1990,SP,C,12,0,0,599,4100,0,0,0,0
1990,SP,C,15,0,0,933.3333333,4900,0,0,0,0
1990,SP,E,1,0,0,725.3333333,3900,0,0,0,0
1990,SP,E,4,0,0,1299.666667,5000,0,0,0,0
1990,SP,E,8,0,0,1136.2,7066.666667,0,0,0,0
1990,SP,E,10,0,0,1347.333333,6800,0,0,0,0
1990,SP,E,14,0,0,1198.36,5966.666667,0,0,0,0
1991,MX,A,2,238.4064851,321.2765957,265.04,2240,260.432,2080,-99,-99
1991,MX,A,6,252.3939742,342.5531915,26.624,400,380.912,1920,-99,-99
1991,MX,A,9,34.34260435,57.44680851,546.056,3600,130.768,960,-99,-99
1991,MX,A,12,30.35525248,89.36170213,837.544,5760,44.208,400,-99,-99
1991,MX,A,15,73.26861412,170.212766,357.632,2320,188.416,1120,-99,-99
1991,MX,C,3,154.4545763,248.9361702,715.456,4720,199.12,1360,-99,-99
1991,MX,C,5,175.4453542,317.0212766,405.008,2800,24.512,160,-99,-99
1991,MX,C,7,104.0655658,170.212766,0,0,337.768,3120,-99,-99
1991,MX,C,10,106.6019371,202.1276596,630.688,4000,86.784,720,-99,-99
1991,MX,C,14,0.526322839,4.255319149,412.888,4400,0,0,-99,-99
1991,MX,E,1,270.3633821,421.2765957,30.208,160,483.392,2880,-99,-99
1991,MX,E,4,144.128665,227.6595745,453.016,2400,173.24,880,-99,-99
1991,MX,E,8,143.5045977,342.5531915,0,0,749.448,5600,-99,-99
1991,MX,E,11,226.1268309,419.1489362,776.056,4000,0,0,-99,-99
1991,MX,E,13,153.3521931,319.1489362,851.432,5120,88.808,880,-99,-99
1991,SC,A,2,838.2518752,882.9787234,0,0,0,0,-99,-99
1991,SC,A,4,946.1958842,682.9787234,0,0,0,0,-99,-99
1991,SC,A,8,764.0035077,651.0638298,0,0,0,0,-99,-99
1991,SC,A,12,386.1478141,591.4893617,0,0,0,0,-99,-99
1991,SC,A,15,320.7940249,438.2978723,0,0,0,0,-99,-99
1991,SC,C,3,681.7134251,534.0425532,0,0,0,0,-99,-99
1991,SC,C,5,513.769081,508.5106383,0,0,0,0,-99,-99
1991,SC,C,7,574.8689408,476.5957447,0,0,0,0,-99,-99
1991,SC,C,11,443.4453002,482.9787234,0,0,0,0,-99,-99
1991,SC,C,13,363.1098498,478.7234043,0,0,0,0,-99,-99
1991,SC,E,1,918.5867189,961.7021277,0,0,0,0,-99,-99
1991,SC,E,6,712.1239486,834.0425532,0,0,0,0,-99,-99
1991,SC,E,9,682.4337969,697.8723404,0,0,0,0,-99,-99
1991,SC,E,10,700.9278234,836.1702128,0,0,0,0,-99,-99
1991,SC,E,14,342.4105521,540.4255319,0,0,0,0,-99,-99
1991,SP,A,2,0,0,1190.064,6720,0,0,0,0
1991,SP,A,5,0,0,839.024,6240,0,0,0,0
1991,SP,A,9,0,0,976.312,5920,0,0,0,0
1991,SP,A,11,0,0,645.176,4080,0,0,0,0
1991,SP,A,13,0,0,693.888,5280,0,0,0,0
1991,SP,C,3,0,0,613.024,2560,0,0,0,0
1991,SP,C,6,0,0,654.032,4080,0,0,0,0
1991,SP,C,7,0,0,836.44,6720,0,0,0,0
1991,SP,C,12,0,0,699.984,5920,0,0,0,0
1991,SP,C,15,0,0,563.872,4480,0,0,0,0
1991,SP,E,1,0,0,566.456,4720,0,0,0,0
1991,SP,E,4,0,0,358.408,2560,0,0,0,0
1991,SP,E,8,0,0,702.984,6080,0,0,0,0
1991,SP,E,10,0,0,799.416,4640,0,0,0,0
1991,SP,E,14,0,0,580.448,3920,0,0,0,0
1992,MX,A,2,207.9980041,376.5957447,146.112,1360,320.984,1520,-99,-99
1992,MX,A,6,195.0467898,340.4255319,209.744,1680,289.184,2080,-99,-99
1992,MX,A,9,38.42082137,63.82978723,556.936,4000,35.824,240,-99,-99
1992,MX,A,12,23.83654001,89.36170213,677.696,4720,92.184,800,-99,-99
1992,MX,A,15,7.277926281,25.53191489,73.312,720,203.776,880,-99,-99
1992,MX,C,3,173.3891722,372.3404255,417.328,3840,182.296,1840,-99,-99
1992,MX,C,5,161.1010676,355.3191489,634.184,4800,54.472,480,-99,-99
1992,MX,C,7,158.4056217,342.5531915,0,0,409.36,4080,-99,-99
1992,MX,C,10,125.6908094,274.4680851,743.576,6160,45.952,320,-99,-99
1992,MX,C,14,0.021924108,4.255319149,653.024,5440,2.368,80,-99,-99
1992,MX,E,1,198.5522998,402.1276596,94.96,800,508.848,3520,-99,-99
1992,MX,E,4,241.398413,434.0425532,254.984,1440,122.544,1200,-99,-99
1992,MX,E,8,71.48548689,229.787234,0,0,459.248,2960,-99,-99
1992,MX,E,11,182.3990064,408.5106383,535.92,4400,14.08,80,-99,-99
1992,MX,E,13,200.2003928,436.1702128,494.208,3760,39.72,1360,-99,-99
1992,SC,A,2,296.6310891,578.7234043,0,0,0,0,-99,-99
1992,SC,A,4,551.7907436,610.6382979,0,0,0,0,-99,-99
1992,SC,A,8,512.7344249,638.2978723,0,0,0,0,-99,-99
1992,SC,A,12,236.9743803,457.4468085,0,0,0,0,-99,-99
1992,SC,A,15,174.1408187,312.7659575,0,0,0,0,-99,-99
1992,SC,C,3,610.0110291,672.3404255,0,0,0,0,-99,-99
1992,SC,C,5,481.8882543,719.1489362,0,0,0,0,-99,-99
1992,SC,C,7,604.3459497,740.4255319,0,0,0,0,-99,-99
1992,SC,C,11,390.1522887,538.2978723,0,0,0,0,-99,-99
1992,SC,C,13,181.6452742,346.8085106,0,0,0,0,-99,-99
1992,SC,E,1,508.0951368,814.893617,0,0,0,0,-99,-99
1992,SC,E,6,420.7878096,678.7234043,0,0,0,0,-99,-99
1992,SC,E,9,522.0459537,787.2340426,0,0,0,0,-99,-99
1992,SC,E,10,488.552809,785.106383,0,0,0,0,-99,-99
1992,SC,E,14,211.4275103,491.4893617,0,0,0,0,-99,-99
1992,SP,A,2,0,0,787.584,5600,0,0,0,0
1992,SP,A,5,0,0,907.752,5520,0,0,0,0
1992,SP,A,9,0,0,645.048,3680,0,0,0,0
1992,SP,A,11,0,0,517.872,4480,0,0,0,0
1992,SP,A,13,0,0,852.784,7760,0,0,0,0
1992,SP,C,3,0,0,582.368,3360,0,0,0,0
1992,SP,C,6,0,0,777.272,5680,0,0,0,0
1992,SP,C,7,0,0,1009.704,10240,0,0,0,0
1992,SP,C,12,0,0,887.384,9520,0,0,0,0
1992,SP,C,15,0,0,931.072,8240,0,0,0,0
1992,SP,E,1,0,0,445.264,3360,0,0,0,0
1992,SP,E,4,0,0,846.36,5520,0,0,0,0
1992,SP,E,8,0,0,502.208,3760,0,0,0,0
1992,SP,E,10,0,0,828.192,5040,0,0,0,0
1992,SP,E,14,0,0,601.064,4560,0,0,0,0
1993,MX,A,2,285.9354549,459.5744681,92,480,323.2,2160,-99,-99
1993,MX,A,6,239.1241976,397.8723404,420.8,2400,189.6,1440,-99,-99
1993,MX,A,9,53.70454196,102.1276596,700.8,4320,269.6,1360,-99,-99
1993,MX,A,12,26.97407496,76.59574468,540,3840,77.6,720,-99,-99
1993,MX,A,15,122.3101051,236.1702128,4,80,552.8,2240,-99,-99
1993,MX,C,3,172.1222392,293.6170213,815.2,4240,189.6,1040,-99,-99
1993,MX,C,5,190.9895438,353.1914894,840.88,4320,171.2,640,-99,-99
1993,MX,C,7,193.2249602,395.7446809,0,0,244.8,2080,-99,-99
1993,MX,C,10,218.7534067,376.5957447,884,5280,2.4,80,-99,-99
1993,MX,C,14,0,0,734.4,6480,23.2,240,-99,-99
1993,MX,E,1,285.34297,551.0638298,0,0,424.8,2400,-99,-99
1993,MX,E,4,295.1900036,551.0638298,122.4,640,269.056,1680,-99,-99
1993,MX,E,8,108.390236,270.212766,0,0,575.2,2880,-99,-99
1993,MX,E,11,233.0732351,442.5531915,330.4,2320,28,160,-99,-99
1993,MX,E,13,173.7015486,340.4255319,447.2,3200,64.8,480,-99,-99
1993,SC,A,2,887.0753301,1110.638298,19.8,75,28.7,144,0,0
1993,SC,A,4,701.0216978,597.8723404,14.2,56,19.9,135,1.94,15
1993,SC,A,8,724.6594531,621.2765957,1.34,8,81.71,347,2.91,3
1993,SC,A,12,297.5244113,593.6170213,1.46,14,72.6,535,21.12,9
1993,SC,A,15,129.8659753,187.2340426,0,0,198.91,1133,1.39,1
1993,SC,C,3,1243.791499,882.9787234,0,0,0,0,7.26,9
1993,SC,C,5,1067.509089,868.0851064,3.5,21,2.99,26,32.43,14
1993,SC,C,7,910.9282568,648.9361702,0,0,4.79,13,37.01,105
1993,SC,C,11,574.8213404,514.893617,56.8,325,77.9,550,21.02,23
1993,SC,C,13,197.2564775,312.7659575,78.9,498,84,597,0,0
1993,SC,E,1,965.3643619,1017.021277,32.9,186,3.67,19,0,0
1993,SC,E,6,680.9790513,738.2978723,50.71,186,16.2,91,0,0
1993,SC,E,9,623.806142,787.2340426,0.39,4,19.52,123,92.96,94
1993,SC,E,10,534.8029532,697.8723404,2.08,9,0,0,106.55,140
1993,SC,E,14,330.4585645,593.6170213,11.94,69,119.98,817,3.2,5
1993,SP,A,2,0,0,506.08,2800,0,0,0,0
1993,SP,A,5,0,0,521.6,3520,0,0,0,0
1993,SP,A,9,0,0,540,4880,0,0,0,0
1993,SP,A,11,0,0,649.6,5200,0,0,0,0
1993,SP,A,13,0,0,788.8,7200,0,0,0,0
1993,SP,C,3,0,0,685.6,4400,0,0,0,0
1993,SP,C,6,0,0,464.8,3200,0,0,0,0
1993,SP,C,7,0,0,771.2,6400,0,0,0,0
1993,SP,C,12,0,0,852,7360,0,0,0,0
1993,SP,C,15,0,0,496.8,3840,0,0,0,0
1993,SP,E,1,0,0,549.6,4160,0,0,0,0
1993,SP,E,4,0,0,1032,4480,0,0,0,0
1993,SP,E,8,0,0,497.6,6160,0,0,0,0
1993,SP,E,10,0,0,800.8,6240,0,0,0,0
1993,SP,E,14,0,0,1037.6,8400,0,0,0,0
1994,MX,A,2,362.308752,578.7234043,95.52,400,180.08,1040,0,0
1994,MX,A,6,298.1772735,474.4680851,205.92,1200,165.2,1040,0,0
1994,MX,A,9,73.84921736,178.7234043,647.12,3200,94,800,0,0
1994,MX,A,12,33.2571145,95.74468085,100.16,960,513.2,2960,0,0
1994,MX,A,15,218.8044593,368.0851064,15.84,80,276.32,1600,15.04,160
1994,MX,C,3,132.2365853,278.7234043,702.64,4080,70.96,560,0,0
1994,MX,C,5,117.3823452,208.5106383,998.4,4400,42.72,400,0,0
1994,MX,C,7,141.792246,287.2340426,0,0,578.16,3440,0,0
1994,MX,C,10,161.4107191,244.6808511,546.4,4480,202.4,1360,0,0
1994,MX,C,14,8.738069635,21.27659575,381.36,2880,734.56,3600,0,0
1994,MX,E,1,307.836585,585.106383,27.36,160,190.64,1360,0,0
1994,MX,E,4,381.101785,595.7446809,256.24,800,212.72,1120,0,0
1994,MX,E,8,235.3481834,444.6808511,92.08,720,850,4320,0,0
1994,MX,E,11,362.4038255,568.0851064,203.6,1520,232.96,1040,0,0
1994,MX,E,13,232.4031783,497.8723404,398.4,3120,404.48,1760,0,0
1994,SC,A,2,1055.082661,1142.553192,0,0,0,0,0,0
1994,SC,A,4,1205.244453,836.1702128,0,0,0,0,0,0
1994,SC,A,8,799.5705318,674.4680851,0,0,0,0,0,0
1994,SC,A,12,277.8255729,491.4893617,0,0,0,0,0,0
1994,SC,A,15,250.8327975,351.0638298,0,0,0,0,0,0
1994,SC,C,3,1109.035588,878.7234043,0,0,0,0,0,0
1994,SC,C,5,926.2133522,855.3191489,0,0,0,0,0,0
1994,SC,C,7,501.3908041,389.3617021,0,0,0,0,0,0
1994,SC,C,11,521.0643357,542.5531915,0,0,0,0,0,0
1994,SC,C,13,342.8454862,472.3404255,0,0,0,0,0,0
1994,SC,E,1,951.1968438,923.4042553,0,0,0,0,0,0
1994,SC,E,6,758.6047486,919.1489362,0,0,0,0,0,0
1994,SC,E,9,770.8472622,897.8723404,0,0,0,0,0,0
1994,SC,E,10,765.7401703,1008.510638,0,0,0,0,0,0
1994,SC,E,14,448.114834,697.8723404,0,0,0,0,0,0
1994,SP,A,2,0,0,949.12,4640,0,0,0,0
1994,SP,A,5,0,0,816,2720,0,0,0,0
1994,SP,A,9,0,0,960,4080,0,0,0,0
1994,SP,A,11,0,0,826.4,4960,0,0,0,0
1994,SP,A,13,0,0,936,7040,0,0,0,0
1994,SP,C,3,0,0,1198.64,7360,0,0,0,0
1994,SP,C,6,0,0,1016,6080,0,0,0,0
1994,SP,C,7,0,0,895.28,6160,0,0,0,0
1994,SP,C,12,0,0,1843.2,11200,0,0,0,0
1994,SP,C,15,0,0,1288.8,7600,0,0,0,0
1994,SP,E,1,0,0,653.6,3120,0,0,0,0
1994,SP,E,4,0,0,1079.6,4560,0,0,0,0
1994,SP,E,8,0,0,659.04,3120,0,0,0,0
1994,SP,E,10,0,0,860.8,4080,0,0,0,0
1994,SP,E,14,0,0,1008,4240,0,0,0,0
1995,MX,A,2,224.8148787,414.893617,95.2,560,341.6,1360,-99,-99
1995,MX,A,6,200.6643858,372.3404255,100.8,640,132,640,-99,-99
1995,MX,A,9,47.20772753,112.7659575,542.4,2960,136.8,720,-99,-99
1995,MX,A,12,23.26311015,85.10638298,734.32,3920,17.68,160,-99,-99
1995,MX,A,15,154.6310337,268.0851064,35.2,240,478.4,1680,-99,-99
1995,MX,C,3,117.1473068,261.7021277,729.6,4560,72,320,-99,-99
1995,MX,C,5,77.50423637,234.0425532,978.4,4640,20,80,-99,-99
1995,MX,C,7,71.47561088,172.3404255,0,0,429.6,1760,-99,-99
1995,MX,C,10,69.77968802,161.7021277,393.6,2320,48.8,240,-99,-99
1995,MX,C,14,17.31895718,51.06382979,660.8,4320,0,0,-99,-99
1995,MX,E,1,246.5298086,527.6595745,124.8,400,506.4,2560,-99,-99
1995,MX,E,4,193.9961997,368.0851064,102.4,480,354.4,1840,-99,-99
1995,MX,E,8,108.4409557,191.4893617,169.6,640,733.6,2960,-99,-99
1995,MX,E,11,175.844334,368.0851064,452,2640,31.92,240,-99,-99
1995,MX,E,13,167.6188163,402.1276596,440.8,2320,8,160,-99,-99
1995,SC,A,2,408.1845804,589.3617021,265.6,1280,0,0,0,0
1995,SC,A,4,417.8837548,419.1489362,53.92,480,86.4,720,0,0
1995,SC,A,8,365.3408433,387.2340426,0,0,552.8,1920,0,0
1995,SC,A,12,116.2901177,206.3829787,0,0,492,3040,0,0
1995,SC,A,15,101.6070935,161.7021277,0,0,410.4,2160,0,0
1995,SC,C,3,663.7518628,678.7234043,0,0,0,0,0,0
1995,SC,C,5,509.3999131,612.7659575,65.6,400,0,0,0,0
1995,SC,C,7,508.0240612,561.7021277,0,0,0,0,0,0
1995,SC,C,11,217.7148368,306.3829787,192,1440,300,1680,0,0
1995,SC,C,13,90.11616465,170.212766,452,2640,622.4,3760,0,0
1995,SC,E,1,490.9999635,648.9361702,14.4,80,162.4,640,0,0
1995,SC,E,6,438.558519,661.7021277,146.4,1040,20.8,160,0,0
1995,SC,E,9,399.4202101,604.2553192,0,0,110.64,560,252,240
1995,SC,E,10,414.3381465,600,78.24,320,0,0,24.8,80
1995,SC,E,14,238.052802,434.0425532,0,0,450.4,2400,0,0
1995,SP,A,2,0,0,-99,-99,-99,-99,-99,-99
1995,SP,A,5,0,0,-99,-99,-99,-99,-99,-99
1995,SP,A,9,0,0,-99,-99,-99,-99,-99,-99
1995,SP,A,11,0,0,-99,-99,-99,-99,-99,-99
1995,SP,A,13,0,0,-99,-99,-99,-99,-99,-99
1995,SP,C,3,0,0,-99,-99,-99,-99,-99,-99
1995,SP,C,6,0,0,-99,-99,-99,-99,-99,-99
1995,SP,C,7,0,0,-99,-99,-99,-99,-99,-99
1995,SP,C,12,0,0,-99,-99,-99,-99,-99,-99
1995,SP,C,15,0,0,-99,-99,-99,-99,-99,-99
1995,SP,E,1,0,0,-99,-99,-99,-99,-99,-99
1995,SP,E,4,0,0,-99,-99,-99,-99,-99,-99
1995,SP,E,8,0,0,-99,-99,-99,-99,-99,-99
1995,SP,E,10,0,0,-99,-99,-99,-99,-99,-99
1995,SP,E,14,0,0,-99,-99,-99,-99,-99,-99
1996,MX,A,2,491.1373298,710.6382979,207.76,1200,131.12,1120,-99,-99
1996,MX,A,6,438.3031806,572.3404255,100.08,720,358.24,2320,-99,-99
1996,MX,A,9,268.0346611,395.7446809,173.68,1360,107.84,1200,-99,-99
1996,MX,A,12,121.0998779,238.2978723,195.2,1120,81.6,480,-99,-99
1996,MX,A,15,244.1219453,342.5531915,74.48,320,186.56,1120,-99,-99
1996,MX,C,3,202.7961666,374.4680851,628.4,4320,74.72,720,-99,-99
1996,MX,C,5,186.1065213,406.3829787,1095.52,6400,104.08,720,-99,-99
1996,MX,C,7,123.210013,319.1489362,0,0,180.24,1920,-99,-99
1996,MX,C,10,266.1265615,429.787234,510.16,4160,4.16,80,-99,-99
1996,MX,C,14,84.88157161,185.106383,502.96,5040,12.9,160,-99,-99
1996,MX,E,1,430.9653906,704.2553192,112.4,1120,148.64,1200,-99,-99
1996,MX,E,4,581.3730286,846.8085106,211.84,1280,233.04,1520,-99,-99
1996,MX,E,8,268.0794809,497.8723404,202.4,1360,476.8,2720,-99,-99
1996,MX,E,11,509.0514653,751.0638298,383.36,2800,0,0,-99,-99
1996,MX,E,13,448.8808839,793.6170213,251.28,960,110.32,640,-99,-99
1996,SC,A,2,826.8979167,989.3617021,469.84,2320,0,0,0,0
1996,SC,A,4,902.2206322,814.893617,65.92,320,199.84,1120,0,0
1996,SC,A,8,622.5713777,627.6595745,8.8,80,421.44,2080,0,0
1996,SC,A,12,323.1504809,559.5744681,11.52,160,1059.04,8560,0,0
1996,SC,A,15,211.6511091,346.8085106,0,0,588.56,3280,0,0
1996,SC,C,3,961.2532316,929.787234,0,0,0,0,0,80
1996,SC,C,5,917.5197544,1059.574468,277.84,1760,86.4,400,319.6,240
1996,SC,C,7,1389.903987,1087.234043,9.6,80,92.56,560,67.68,320
1996,SC,C,11,560.3243237,821.2765957,225.6,1600,29.28,160,143.2,160
1996,SC,C,13,254.01438,459.5744681,591.36,3200,182.32,1600,0,0
1996,SC,E,1,825.0914242,1055.319149,51.04,320,163.2,880,0,0
1996,SC,E,6,716.0759967,978.7234043,461.84,1920,61.76,400,0,0
1996,SC,E,9,658.4341517,817.0212766,17.44,80,206.24,1120,142.24,320
1996,SC,E,10,734.2077728,1061.702128,346.32,1760,0,0,41.04,400
1996,SC,E,14,629.4380202,1031.914894,0,0,265.52,2400,0,0
1996,SP,A,2,0,0,504.24,2240,0,0,0,0
1996,SP,A,5,0,0,203.2,880,0,0,0,0
1996,SP,A,9,0,0,535.52,2880,0,0,0,0
1996,SP,A,11,0,0,1114.24,5680,0,0,0,0
1996,SP,A,13,0,0,325.6,3200,0,0,0,0
1996,SP,C,3,0,0,628.32,3440,0,0,0,0
1996,SP,C,6,0,0,670.88,4400,0,0,0,0
1996,SP,C,7,0,0,658.32,4720,0,0,0,0
1996,SP,C,12,0,0,796.56,6480,0,0,0,0
1996,SP,C,15,0,0,974.48,5600,0,0,0,0
1996,SP,E,1,0,0,1080.88,6080,0,0,0,0
1996,SP,E,4,0,0,651.52,3680,0,0,0,0
1996,SP,E,8,0,0,405.52,2400,0,0,0,0
1996,SP,E,10,0,0,576,2960,0,0,0,0
1996,SP,E,14,0,0,426.16,2560,0,0,0,0
1997,MX,A,2,365.1067885,727.6595745,151.04,880,194.24,1040,0,0
1997,MX,A,6,321.6340991,563.8297872,33.36,320,138,880,0,0
1997,MX,A,9,245.9420665,431.9148936,37.68,560,85.6,880,0,0
1997,MX,A,12,168.9370749,393.6170213,34.24,80,0,0,0,0
1997,MX,A,15,247.5085363,378.7234043,68.24,320,234.32,1360,0,0
1997,MX,C,3,220.7320976,365.9574468,561.6,3120,120.88,1200,0,0
1997,MX,C,5,109.3542374,261.7021277,1129.6,6400,0,0,0,0
1997,MX,C,7,120.7051225,293.6170213,0,0,317.36,2400,0,0
1997,MX,C,10,226.7393658,376.5957447,297.44,2000,0,0,50.32,160
1997,MX,C,14,83.06468187,174.4680851,1093.28,8880,163.84,880,0,0
1997,MX,E,1,372.3093639,714.893617,110.64,560,118.4,960,1.44,80
1997,MX,E,4,381.7610957,617.0212766,124.48,720,82.08,640,1.12,80
1997,MX,E,8,155.8205337,353.1914894,198.16,960,159.6,1520,1.36,80
1997,MX,E,11,350.9275255,676.5957447,183.52,1280,0,0,0,0
1997,MX,E,13,299.889022,736.1702128,569.84,2560,48.8,240,0.64,80
1997,SC,A,2,437.3291989,644.6808511,712.24,2800,0,0,0,0
1997,SC,A,4,791.8774736,736.1702128,48,320,61.44,560,2.24,80
1997,SC,A,8,532.610725,559.5744681,0,0,412,2000,15.92,80
1997,SC,A,12,170.5334879,321.2765957,49.2,320,492,3680,0,0
1997,SC,A,15,149.4143518,229.787234,0,0,704.96,4400,0,0
1997,SC,C,3,1098.247488,1027.659575,0,0,0,0,225.76,640
1997,SC,C,5,807.537434,840.4255319,134.32,880,95.68,480,2.32,80
1997,SC,C,7,991.7143909,878.7234043,0,0,1.84,80,76.32,1120
1997,SC,C,11,270.1198371,340.4255319,496.24,3040,255.36,2000,0,0
1997,SC,C,13,122.0547583,219.1489362,354.4,2560,68.64,560,55.68,160
1997,SC,E,1,651.956527,876.5957447,24,80,13.92,160,0,0
1997,SC,E,6,411.1071545,631.9148936,177.28,1040,40.4,240,0,0
1997,SC,E,9,540.8765617,768.0851064,0,0,93.36,560,134.48,480
1997,SC,E,10,706.3112462,1017.021277,127.52,560,0,0,0,0
1997,SC,E,14,515.5272651,927.6595745,3.84,160,289.04,2320,0,0
1997,SP,A,2,0,0,452.88,2880,0,0,0,0
1997,SP,A,5,0,0,765.6,4800,0,0,0,0
1997,SP,A,9,0,0,1717.84,8240,0,0,0,0
1997,SP,A,11,0,0,1071.04,6000,0,0,0,0
1997,SP,A,13,0,0,365.12,2640,0,0,0,0
1997,SP,C,3,0,0,701.44,3760,0,0,0,0
1997,SP,C,6,0,0,1149.68,6400,0,0,0,0
1997,SP,C,7,0,0,1381.36,8720,0,0,0,0
1997,SP,C,12,0,0,696.48,6640,0,0,88.16,80
1997,SP,C,15,0,0,520.4,3520,0,0,2.56,160
1997,SP,E,1,0,0,733.76,4160,0,0,0,0
1997,SP,E,4,0,0,767.76,3600,0,0,0,0
1997,SP,E,8,0,0,661.36,4480,0,0,0,0
1997,SP,E,10,0,0,995.84,5520,0,0,0,0
1997,SP,E,14,0,0,653.92,5200,0,0,4.96,80
1998,MX,A,2,401.6651985,521.2765957,212.08,720,222.48,1200,0,0
1998,MX,A,6,405.3593632,480.8510638,165.52,1600,230.16,1440,0,0
1998,MX,A,9,268.8084808,402.1276596,248.08,1920,113.84,1040,0,0
1998,MX,A,12,269.9017415,442.5531915,331.76,2720,55.12,560,0,0
1998,MX,A,15,252.401869,287.2340426,123.28,800,179.84,1120,0,0
1998,MX,C,3,266.7497415,357.4468085,738.08,4480,192,1440,0,0
1998,MX,C,5,164.0660682,276.5957447,650.08,3360,0,0,0,0
1998,MX,C,7,172.0238828,272.3404255,94.88,640,323.76,2080,0,80
1998,MX,C,10,196.3113906,255.3191489,458.72,3040,45.04,480,0,80
1998,MX,C,14,185.0363201,270.212766,444.24,3920,53.44,400,0,0
1998,MX,E,1,357.0381957,595.7446809,45.28,480,100.24,640,0,0
1998,MX,E,4,425.4168265,623.4042553,51.44,160,232.72,1440,0,0
1998,MX,E,8,169.0126169,274.4680851,112.48,640,295.92,2320,0,0
1998,MX,E,11,232.4816226,355.3191489,262.56,1680,31.6,160,0,0
1998,MX,E,13,202.803611,393.6170213,343.84,2080,0,0,0,0
1998,SC,A,2,580.8321812,572.3404255,324.64,1680,0,0,0,0
1998,SC,A,4,862.2423441,600,54.24,400,128.8,720,0,0
1998,SC,A,8,493.4541711,412.7659575,46.56,160,143.36,880,4.64,80
1998,SC,A,12,133.4033393,168.0851064,33.84,160,399.2,2480,0,0
1998,SC,A,15,125.0137077,148.9361702,0,0,669.76,3280,5.76,80
1998,SC,C,3,902.7476103,676.5957447,26.16,80,0,0,0,0
1998,SC,C,5,588.7479595,495.7446809,93.2,320,259.36,1360,0,0
1998,SC,C,7,880.3512171,629.787234,0,0,138.4,960,45.92,2000
1998,SC,C,11,402.1574192,355.3191489,400,2160,192.08,1600,0,0
1998,SC,C,13,174.3190419,189.3617021,758.56,4800,152.72,720,0,0
1998,SC,E,1,789.1092988,861.7021277,0,0,81.52,480,0,0
1998,SC,E,6,516.3864742,621.2765957,94.24,720,84.56,480,0,0
1998,SC,E,9,570.6831659,621.2765957,0,0,59.44,480,105.2,560
1998,SC,E,10,566.7233034,734.0425532,246.64,1280,2.4,320,53.04,400
1998,SC,E,14,455.9495388,691.4893617,0,0,258,1680,0,0
1998,SP,A,2,0,0,752.64,3040,0,0,0,0
1998,SP,A,5,0,0,1035.52,4880,32.4,80,0,0
1998,SP,A,9,0,0,1040.8,5920,0,0,0,0
1998,SP,A,11,0,0,710.16,4240,28.96,160,0,0
1998,SP,A,13,0,0,582.48,3840,0,0,0,0
1998,SP,C,3,0,0,1228.72,5040,0,0,0,0
1998,SP,C,6,0,0,947.12,5040,0,0,0,0
1998,SP,C,7,0,0,730.72,6240,0,0,0,0
1998,SP,C,12,0,0,1039.28,6960,0,0,0,0
1998,SP,C,15,0,0,1008,6480,0,0,0,0
1998,SP,E,1,0,0,475.2,2640,0,0,0,0
1998,SP,E,4,0,0,263.6,1440,10.16,80,0,0
1998,SP,E,8,0,0,381.36,2400,0,0,0,0
1998,SP,E,10,0,0,573.52,2720,0,0,0,0
1998,SP,E,14,0,0,710.48,4480,0,0,0,0
1999,MX,A,2,197.5012425,506.3829787,159.76,1360,255.2,1360,0,0
1999,MX,A,6,190.9889021,372.3404255,152.16,1040,115.52,880,0,0
1999,MX,A,9,137.6596712,329.787234,85.44,560,157.04,1120,1.6,160
1999,MX,A,12,158.1128315,436.1702128,159.04,2000,98.64,960,0,0
1999,MX,A,15,181.498019,321.2765957,48.08,400,131.2,560,0,0
1999,MX,C,3,119.6156373,238.2978723,578.72,4960,48.4,400,0,0
1999,MX,C,5,112.0942251,257.4468085,844.32,8720,0,0,1.52,80
1999,MX,C,7,109.3103602,319.1489362,131.76,1280,300.4,2080,8.08,160
1999,MX,C,10,117.9734976,263.8297872,698.96,5680,58.08,320,0.32,80
1999,MX,C,14,109.0112191,272.3404255,439.12,4000,140,1040,0.56,80
1999,MX,E,1,218.2716654,474.4680851,284.56,2240,121.68,880,0,0
1999,MX,E,4,208.1983265,468.0851064,43.6,480,113.84,640,0,0
1999,MX,E,8,125.2522244,380.8510638,326.64,1920,182.4,1680,0,0
1999,MX,E,11,232.2320576,559.5744681,233.28,1680,33.36,240,0,0
1999,MX,E,13,252.4912694,689.3617021,221.36,1840,16.48,80,0,0
1999,SC,A,2,340.8170507,536.1702128,244.88,1520,0,0,0,0
1999,SC,A,4,462.5947704,487.2340426,77.44,480,150.16,1200,0,0
1999,SC,A,8,190.686127,272.3404255,0,0,472,1920,0,0
1999,SC,A,12,45.80111541,97.87234043,59.2,320,469.6,2800,587.04,80
1999,SC,A,15,59.34160769,114.893617,0,0,234.24,1200,10.08,80
1999,SC,C,3,506.4504698,519.1489362,48.96,400,0,0,84.08,240
1999,SC,C,5,220.4985386,287.2340426,356.48,2720,65.84,560,0,0
1999,SC,C,7,334.6754314,393.6170213,0,0,0,0,71.76,240
1999,SC,C,11,232.8005886,340.4255319,1191.36,8640,83.68,800,0,0
1999,SC,C,13,67.35155422,121.2765957,871.92,5520,99.92,480,0,0
1999,SC,E,1,521.4416009,823.4042553,18.4,160,114.56,720,0,0
1999,SC,E,6,331.7368525,642.5531915,102.56,960,52.88,400,0,0
1999,SC,E,9,298.9067912,536.1702128,26.72,320,16.08,160,55.52,320
1999,SC,E,10,286.8583241,551.0638298,149.68,960,26.48,240,18.08,160
1999,SC,E,14,243.3448945,495.7446809,34.72,320,113.04,880,0,0
1999,SP,A,2,0,0,544.08,3760,0,0,0,0
1999,SP,A,5,0,0,580.8,5360,0,0,0,0
1999,SP,A,9,0,0,300.24,2160,0,0,0,0
1999,SP,A,11,0,0,267.36,2160,47.36,160,0,0
1999,SP,A,13,0,0,329.6,2800,0,0,0,0
1999,SP,C,3,0,0,1047.28,5920,0,0,4,320
1999,SP,C,6,0,0,869.04,4400,0,0,0.64,80
1999,SP,C,7,0,0,430.48,3840,0,0,31.44,320
1999,SP,C,12,0,0,880.48,8320,0,0,0,0
1999,SP,C,15,0,0,725.12,5440,0,0,0,0
1999,SP,E,1,0,0,514.32,3680,0,0,0,0
1999,SP,E,4,0,0,576.16,3200,0,0,0,0
1999,SP,E,8,0,0,433.92,4240,0,0,0,0
1999,SP,E,10,0,0,638.64,4400,0,0,0,0
1999,SP,E,14,0,0,191.76,1280,0,0,0,0
2000,MX,A,2,399.7016649,570.212766,176.72,1200,145.68,1360,0,0
2000,MX,A,6,224.2401562,291.4893617,198.16,1280,42.08,320,0,0
2000,MX,A,9,189.6637933,338.2978723,0,0,149.44,1280,0,0
2000,MX,A,12,290.0073789,538.2978723,26,160,30.4,160,0,0
2000,MX,A,15,176.3470761,317.0212766,0,0,-99,3680,0,0
2000,MX,C,3,275.3618853,402.1276596,510.64,3280,47.92,320,4.4,80
2000,MX,C,5,208.6031067,359.5744681,670.16,4160,244.64,800,0,0
2000,MX,C,7,150.8157267,423.4042553,289.92,1920,484.2,3520,19.36,240
2000,MX,C,10,195.909069,410.6382979,326.32,2400,70.24,400,0,0
2000,MX,C,14,136.7754655,246.8085106,388.32,2720,93.84,480,0.48,80
2000,MX,E,1,291.7067651,463.8297872,98.72,800,189.76,1840,0.08,80
2000,MX,E,4,245.379559,406.3829787,61.52,240,137.52,900,0,0
2000,MX,E,8,207.1412804,400,198.56,1360,150.64,1040,0,0
2000,MX,E,11,299.1846965,542.5531915,178.64,1120,57.44,480,0,0
2000,MX,E,13,203.0350881,385.106383,297.2,1600,75.44,480,0,0
2000,SC,A,2,405.7760386,425.5319149,437.68,2720,0,0,0,0
2000,SC,A,4,1118.131212,844.6808511,40.64,160,106.8,880,0.96,80
2000,SC,A,8,549.24447,512.7659575,3.68,80,312.4,1600,0,0
2000,SC,A,12,17.01153823,29.78723404,182,1280,764.72,5280,314.88,160
2000,SC,A,15,78.63549337,110.6382979,0,0,572.56,3680,0.48,80
2000,SC,C,3,520.7891477,419.1489362,130.8,880,0,0,27.28,80
2000,SC,C,5,314.413111,348.9361702,228.8,1760,72.24,960,34.8,720
2000,SC,C,7,753.0506141,631.9148936,0,0,56.72,400,3.36,160
2000,SC,C,11,287.5962028,308.5106383,760.8,3760,14.72,400,0,0
2000,SC,C,13,74.43402729,114.893617,1323.68,7440,28.16,320,2.56,160
2000,SC,E,1,600.9385648,646.8085106,23.36,320,70.08,480,0,0
2000,SC,E,6,569.1913401,676.5957447,64.72,560,177.84,880,0,0
2000,SC,E,9,605.0692866,770.212766,0,0,95.84,560,19.84,80
2000,SC,E,10,572.9022476,872.3404255,169.84,800,19.44,240,0,0
2000,SC,E,14,290.9978914,455.3191489,11.92,240,187.2,2160,0,0
2000,SP,A,2,0,0,474.24,2240,0,0,0,0
2000,SP,A,5,0,0,583.28,3520,0,0,0,0
2000,SP,A,9,0,0,766.88,3920,0,0,0,0
2000,SP,A,11,0,0,38.4,800,101.04,640,1.44,80
2000,SP,A,13,0,0,584.96,3440,0,0,0,0
2000,SP,C,3,0,0,827.2,4960,0,0,0,0
2000,SP,C,6,0,0,611.36,3920,0,0,0.16,160
2000,SP,C,7,0,0,834.32,6240,0,0,0,0
2000,SP,C,12,0,0,848.32,6000,0,0,0,0
2000,SP,C,15,0,0,432.32,3680,0,0,0,0
2000,SP,E,1,0,0,233.04,1280,0,0,0.08,80
2000,SP,E,4,0,0,617.6,3040,0,0,0,0
2000,SP,E,8,0,0,492.24,3920,0,0,0,0
2000,SP,E,10,0,0,698.72,4160,0,0,0,0
2000,SP,E,14,0,0,454.64,3040,0,0,223.44,160
2001,MX,A,2,313.566898,663.8297872,302,2240,186.48,1120,0,0
2001,MX,A,6,306.8906991,502.1276596,319.2,1760,100.4,720,0,0
2001,MX,A,9,143.2652035,380.8510638,81.28,1360,136.08,1120,0,0
2001,MX,A,12,229.7864921,585.106383,89.76,1280,70.56,800,0,0
2001,MX,A,15,230.3766884,436.1702128,146.24,1200,257.12,1760,0,0
2001,MX,C,3,195.9362374,408.5106383,496.8,3680,170.88,1600,0,0
2001,MX,C,5,136.4218587,297.8723404,588.72,3840,30.88,160,0,0
2001,MX,C,7,129.1399801,380.8510638,364.88,3440,312,2800,35.92,560
2001,MX,C,10,204.8202603,421.2765957,535.92,4000,175.2,1760,0,0
2001,MX,C,14,142.5046415,336.1702128,485.44,4320,76.72,720,0,0
2001,MX,E,1,260.1799992,665.9574468,58.8,480,233.76,2080,0.72,80
2001,MX,E,4,349.5204548,763.8297872,81.2,480,225.04,1520,0,0
2001,MX,E,8,131.4016793,412.7659575,245.2,1200,100.4,640,0,0
2001,MX,E,11,312.1464714,746.8085106,501.04,2960,2,80,0,0
2001,MX,E,13,241.2879227,744.6808511,132.24,1360,66.08,400,0,0
2001,SC,A,2,437.5713246,604.2553192,364.24,2000,0,0,0,0
2001,SC,A,4,740.6640238,691.4893617,16.16,320,61.2,400,0,0
2001,SC,A,8,522.2953332,534.0425532,67.9,320,550.56,2480,0,0
2001,SC,A,12,28.66450394,74.46808511,71.36,880,722.4,5280,0,0
2001,SC,A,15,85.5814283,191.4893617,0,0,599.36,4160,0,0
2001,SC,C,3,412.4909678,436.1702128,400.4,3040,66.24,480,0,0
2001,SC,C,5,357.5159896,497.8723404,451.04,3040,0,0,0,0
2001,SC,C,7,423.4109495,463.8297872,0,0,123.28,800,0,0
2001,SC,C,11,182.1430762,236.1702128,306.4,2560,109.2,1280,0,0
2001,SC,C,13,107.6737182,136.1702128,816.32,5200,119.28,1040,0,0
2001,SC,E,1,568.5896943,829.787234,0,0,79.2,720,0,0
2001,SC,E,6,538.3391898,825.5319149,194,1120,83.44,400,0,0
2001,SC,E,9,569.9276655,855.3191489,12.32,160,89.92,1120,26.8,160
2001,SC,E,10,416.9278695,748.9361702,324.72,1840,0,0,0,0
2001,SC,E,14,275.0042093,606.3829787,103.92,1360,292.88,2080,0,0
2001,SP,A,2,0,0,639.84,2720,0,0,0,0
2001,SP,A,5,0,0,676,4000,0,0,0,0
2001,SP,A,9,0,0,697.92,5200,0,0,0,0
2001,SP,A,11,0,0,133.92,1360,171.12,1280,14.16,880
2001,SP,A,13,0,0,372.76,2960,0,0,0,0
2001,SP,C,3,0,0,581.04,3120,0,0,0,0
2001,SP,C,6,0,0,706.48,4320,0,0,0,0
2001,SP,C,7,0,0,708.08,5360,0,0,0,0
2001,SP,C,12,0,0,901.6,6480,0,0,0,0
2001,SP,C,15,0,0,1002.8,6880,0,0,0,0
2001,SP,E,1,0,0,244.4,1600,0,0,0,0
2001,SP,E,4,0,0,554.24,2560,0,0,0,0
2001,SP,E,8,0,0,313.84,3360,0,0,0,0
2001,SP,E,10,0,0,730.48,4880,0,0,0,0
2001,SP,E,14,0,0,221.36,2080,0,0,5.68,160
2002,MX,A,2,140.3365176,387.2340426,67.52,640,277.2,1680,0,0
2002,MX,A,6,164.0072045,359.5744681,170.96,1280,103.28,800,0,0
2002,MX,A,9,42.14046422,163.8297872,32.24,320,137.52,1280,0,0
2002,MX,A,12,209.0867204,587.2340426,9.2,160,191.76,1440,0,0
2002,MX,A,15,157.1251263,408.5106383,250.72,2080,93.84,640,0,0
2002,MX,C,3,114.1521922,272.3404255,517.2,3840,54.8,240,0,0
2002,MX,C,5,80.83480399,206.3829787,328.32,2560,31.52,160,0.32,80
2002,MX,C,7,52.43407036,210.6382979,299.92,2400,347.28,2720,0,0
2002,MX,C,10,111.4614101,280.8510638,622.48,4640,138.24,1360,0,0
2002,MX,C,14,124.6090565,327.6595745,140.48,1360,51.12,400,0,0
2002,MX,E,1,83.98159975,268.0851064,174.16,1280,81.68,560,0,0
2002,MX,E,4,252.5296805,621.2765957,36.8,320,84.72,480,1.6,80
2002,MX,E,8,68.73534853,319.1489362,230,2320,89.76,1040,0,0
2002,MX,E,11,212.9873357,663.8297872,289.04,2160,29.76,320,0,0
2002,MX,E,13,146.6046556,568.0851064,58,480,133.68,800,0,0
2002,SC,A,2,222.28387,485.106383,277.6,2080,0,0,0,0
2002,SC,A,4,365.7748705,576.5957447,104.08,880,51.6,400,0,0
2002,SC,A,8,183.4619831,314.893617,12.16,80,561.76,3200,0,0
2002,SC,A,12,10.74973258,40.42553192,102.4,560,401.44,2400,0,0
2002,SC,A,15,58.69269893,146.8085106,341.84,1920,0,0,0,0
2002,SC,C,3,228.8657671,342.5531915,339.44,2080,0,0,0,0
2002,SC,C,5,211.3862878,387.2340426,506.24,3680,61.76,480,0,0
2002,SC,C,7,219.5933188,310.6382979,0,0,323.2,1840,0,0
2002,SC,C,11,81.74836148,159.5744681,342.72,2880,119.76,800,0,0
2002,SC,C,13,50.24327376,102.1276596,1730.4,8000,85.92,480,0,0
2002,SC,E,1,299.3903588,695.7446809,0,0,27.6,240,0,0
2002,SC,E,6,340.4421145,831.9148936,60.4,240,40,240,0,0
2002,SC,E,9,238.8473192,555.3191489,25.44,160,54,640,13.68,80
2002,SC,E,10,227.6682505,519.1489362,141.76,800,44.24,400,0,0
2002,SC,E,14,193.5963995,568.0851064,82.88,720,252.56,1680,0,0
2002,SP,A,2,0,0,435.12,2800,0,0,0,0
2002,SP,A,5,0,0,862.16,4880,0,0,267.12,80
2002,SP,A,9,0,0,694.56,4800,0,0,0,0
2002,SP,A,11,0,0,40.8,320,374.24,2240,1.28,160
2002,SP,A,13,0,0,515.68,8000,0,0,0,0
2002,SP,C,3,0,0,647.52,3360,0,0,0,0
2002,SP,C,6,0,0,735.36,4000,0,0,0,0
2002,SP,C,7,0,0,385.6,3680,0,0,0,0
2002,SP,C,12,0,0,818.16,6320,0,0,0,0
2002,SP,C,15,14.74128925,80.85106383,476.56,3280,0,0,0,0
2002,SP,E,1,29.44307345,61.70212766,206.88,1440,0,0,0.96,80
2002,SP,E,4,0,0,381.28,2480,0,0,0,0
2002,SP,E,8,0,0,465.44,4880,0,0,0,0
2002,SP,E,10,0,0,306,4000,0,0,0,0
2002,SP,E,14,0,0,384,4160,0,0,4.792,160
2003,MX,A,2,212.8070589,406.3829787,77.6,560,141.92,1280,0,0
2003,MX,A,6,334.5918281,623.4042553,227.52,1280,175.2,1440,0,0
2003,MX,A,9,326.0097957,672.3404255,103.6,1360,259.44,2240,0.48,80
2003,MX,A,12,489.8331439,944.6808511,32.24,160,155.68,1680,0,0
2003,MX,A,15,354.9518783,606.3829787,542.32,3840,210.88,1520,0,0
2003,MX,C,3,277.2970516,512.7659575,616,2720,71.04,640,0,0
2003,MX,C,5,222.2074024,440.4255319,611.6,5200,2.64,80,0,0
2003,MX,C,7,124.7833117,319.1489362,198.4,1520,273.92,2320,0,0
2003,MX,C,10,203.7658252,323.4042553,434.8,3120,99.6,800,0,0
2003,MX,C,14,203.5698146,408.5106383,406.4,3280,219.04,1360,0,0
2003,MX,E,1,319.9922383,668.0851064,100.72,1200,73.44,640,0,0
2003,MX,E,4,513.3295407,1012.765957,43.2,400,175.84,1200,0.16,80
2003,MX,E,8,118.8338213,472.3404255,450.48,3440,189.92,1520,0,0
2003,MX,E,11,454.6467584,953.1914894,317.92,2480,118.64,1040,0,0
2003,MX,E,13,391.020437,904.2553192,92.56,960,110.72,960,0,0
2003,SC,A,2,603.8493025,889.3617021,69.84,480,0,0,0,0
2003,SC,A,4,946.3754557,944.6808511,174.08,1120,95.12,800,0,0
2003,SC,A,8,612.6121623,604.2553192,99.6,720,192.72,1280,0,0
2003,SC,A,12,9.465523285,27.65957447,13.44,240,349.92,2640,0,0
2003,SC,A,15,208.9288193,374.4680851,1.68,80,411.76,4480,0,0
2003,SC,C,3,518.8215656,576.5957447,486.08,2720,0,0,0,0
2003,SC,C,5,420.1985978,604.2553192,854.64,4960,0,0,0,0
2003,SC,C,7,671.4187945,574.4680851,767.28,6480,0,0,0,0
2003,SC,C,11,223.4133615,348.9361702,649.68,4320,108.8,960,0,0
2003,SC,C,13,100.7684222,165.9574468,0,0,220.08,1200,174.16,80
2003,SC,E,1,602.3749491,931.9148936,0,0,79.04,640,0,0
2003,SC,E,6,1104.728219,1591.489362,0,0,129.92,960,0,0
2003,SC,E,9,938.8958699,1529.787234,63.52,400,12.64,160,0,0
2003,SC,E,10,581.0994509,1142.553192,180.64,1120,6.32,80,0,0
2003,SC,E,14,722.9900013,1282.978723,89.6,800,166.32,1440,0,0
2003,SP,A,2,0,0,320.72,2560,0,0,0,0
2003,SP,A,5,0,0,646.88,4960,0,0,0,0
2003,SP,A,9,6.497472589,19.14893617,273.92,2720,0,0,0,0
2003,SP,A,11,0,0,32.72,560,435.44,3440,6.88,880
2003,SP,A,13,0,0,275.76,2880,0,0,0,0
2003,SP,C,3,0,0,478.72,2720,0,0,0,0
2003,SP,C,6,13.4609057,19.14893617,480.08,3440,0,0,0.24,80
2003,SP,C,7,0,0,490.24,4240,0,0,0,0
2003,SP,C,12,0.962115527,4.255319149,1074.72,8080,0,0,0,0
2003,SP,C,15,0,0,1240.96,7600,0,0,0,0
2003,SP,E,1,150.746255,261.7021277,293.6,1840,0,0,30.16,400
2003,SP,E,4,0,0,552.96,5280,0,0,0,0
2003,SP,E,8,0,0,325.68,4240,0,0,3.04,160
2003,SP,E,10,0,0,669.52,5120,0,0,0,0
2003,SP,E,14,0,0,51.2,640,0,0,214.08,4160
2004,MX,A,2,327.3086464,631.9148936,127.36,1680,95.36,1120,0,0
2004,MX,A,6,249.3284143,425.5319149,324.16,2400,99.44,880,0,0
2004,MX,A,9,326.0504436,651.0638298,82.24,880,138.16,1200,0,0
2004,MX,A,12,510.1212423,965.9574468,30.96,320,139.92,1760,0,0
2004,MX,A,15,267.1030274,546.8085106,368.32,2560,48.96,480,0,0
2004,MX,C,3,,,682.08,4320,30.16,240,1.2,80
2004,MX,C,5,254.8504439,387.2340426,680.08,4240,97.36,640,0.8,80
2004,MX,C,7,135.3282139,314.893617,54.56,240,175.52,1200,176.4,1520
2004,MX,C,10,204.4635399,370.212766,360.8,2720,284.56,2480,2.72,160
2004,MX,C,14,214.1824405,427.6595745,310.4,2720,140.96,1040,0,0
2004,MX,E,1,451.1163298,804.2553192,160.48,1840,159.84,1280,0.8,80
2004,MX,E,4,445.7997047,876.5957447,84.64,400,165.12,1680,0,0
2004,MX,E,8,163.1684976,534.0425532,220.88,1920,84.4,640,0,0
2004,MX,E,11,398.375077,825.5319149,149.36,1200,29.6,400,0,0
2004,MX,E,13,319.4385121,789.3617021,99.84,800,128.56,640,0.48,80
2004,SC,A,2,569.0310905,812.7659575,0,0,25.12,320,0,0
2004,SC,A,4,1046.278104,923.4042553,47.28,320,150.4,880,0,0
2004,SC,A,8,601.8652885,631.9148936,38.48,320,233.28,1520,0,0
2004,SC,A,12,20.16711801,42.55319149,21.52,160,531.84,4560,0,0
2004,SC,A,15,213.3350874,376.5957447,0,0,351.52,2960,0,0
2004,SC,C,3,395.6908945,425.5319149,301.36,2480,0,0,0,0
2004,SC,C,5,,,516.24,3040,0,0,0,0
2004,SC,C,7,740.6483,687.2340426,0,0,432.24,3280,4.48,160
2004,SC,C,11,266.7242008,342.5531915,408.8,2800,43.28,320,0,0
2004,SC,C,13,117.628457,161.7021277,212,2160,69.52,960,0,0
2004,SC,E,1,627.7086279,1008.510638,0,0,71.92,560,0,0
2004,SC,E,6,667.6698162,965.9574468,10.72,240,50.08,400,0,0
2004,SC,E,9,507.600266,810.6382979,21.12,160,29.84,320,5.76,80
2004,SC,E,10,373.3714867,608.5106383,96.32,800,14.08,160,0,0
2004,SC,E,14,539.4482177,978.7234043,199.2,1600,131.44,1520,0,0
2004,SP,A,2,0,0,452.16,3680,31.52,240,14.64,240
2004,SP,A,5,0,0,788.72,5840,0,0,0,0
2004,SP,A,9,23.77747471,53.19148936,478.72,4800,0,0,0,0
2004,SP,A,11,0,0,112.72,1360,47.52,640,0,0
2004,SP,A,13,0,0,442,4560,0,0,0,0
2004,SP,C,3,9.495706093,25.53191489,624.08,4640,0,0,0,0
2004,SP,C,6,12.93865835,25.53191489,714.88,4320,0,0,0,0
2004,SP,C,7,1.346366552,2.127659575,474.24,4880,0,0,0,0
2004,SP,C,12,0,0,438.96,3360,0,0,0.48,80
2004,SP,C,15,0,0,626.88,5760,0,0,0,0
2004,SP,E,1,194.8027983,336.1702128,240.4,1440,73.52,560,10,1120
2004,SP,E,4,0,0,569.84,4400,0,0,10.16,160
2004,SP,E,8,0,0,304.96,2960,0,0,356.96,1440
2004,SP,E,10,0,0,561.04,3920,0,0,0,0
2004,SP,E,14,0,0,68.32,1200,0,0,247.76,7280
2005,MX,A,2,364.3291972,740.4255319,302.776,2800,237.328,1840,0,0
2005,MX,A,6,309.9138969,523.4042553,234.456,2080,161.952,640,0,0
2005,MX,A,9,338.3097124,744.6808511,66.448,640,260.936,2080,2.808,160
2005,MX,A,12,534.483088,1125.531915,22.992,240,290.632,2320,0,0
2005,MX,A,15,263.8030914,525.5319149,363.328,2560,63.584,640,0,0
2005,MX,C,3,303.2272163,563.8297872,807.216,5120,224.632,1600,32.4,240
2005,MX,C,5,327.1546711,563.8297872,610.352,3360,139.032,1120,96.568,160
2005,MX,C,7,154.8784206,331.9148936,419.824,2960,180.432,2000,2.264,160
2005,MX,C,10,510.4639585,804.2553192,326.312,2640,54.096,1040,0,0
2005,MX,C,14,243.8111475,519.1489362,162.28,1200,122.096,960,0,0
2005,MX,E,1,510.054504,1078.723404,125.184,560,84.88,1200,0,0
2005,MX,E,4,384.7365946,972.3404255,22.672,160,79.736,560,0,0
2005,MX,E,8,234.3671916,727.6595745,184.928,1680,137.496,1120,0,0
2005,MX,E,11,540.9459526,1121.276596,121.424,1440,9.936,320,0,0
2005,MX,E,13,321.164462,923.4042553,123.24,560,74.88,720,0,0
2005,SC,A,2,715.6426733,931.9148936,0,0,0,0,0,0
2005,SC,A,4,931.0155676,882.9787234,1.536,160,79.24,640,0,0
2005,SC,A,8,651.7171636,695.7446809,35.776,240,187.296,1920,0,0
2005,SC,A,12,25.69417264,46.80851064,46.728,400,313.544,3200,0,0
2005,SC,A,15,298.2784313,461.7021277,0,0,371,3440,0,0
2005,SC,C,3,439.5154381,510.6382979,123.968,1040,0,0,0,0
2005,SC,C,5,281.11605,389.3617021,521.512,2880,0,0,0,0
2005,SC,C,7,768.6741738,717.0212766,0,0,110.128,1120,0,0
2005,SC,C,11,319.0632359,421.2765957,386.424,2560,41.912,640,0,0
2005,SC,C,13,309.6463322,380.8510638,765.08,4960,11.552,400,0,0
2005,SC,E,1,737.6475192,1242.553192,6.872,80,48.816,560,0,0
2005,SC,E,6,776.0656194,1270.212766,0,0,13.632,80,0,0
2005,SC,E,9,634.5400892,1070.212766,8.016,160,70.4,800,24.088,80
2005,SC,E,10,604.1403792,1031.914894,199.648,1040,0,0,0,0
2005,SC,E,14,564.5100001,1108.510638,107.736,560,124.44,1040,0,0
2005,SP,A,2,0,0,516.584,2320,0,0,0,0
2005,SP,A,5,0,0,1033.08,5120,0,0,0,0
2005,SP,A,9,80.67346081,155.3191489,236.104,1440,0,0,0,0
2005,SP,A,11,0,0,397.712,3680,180.776,1920,4.28,560
2005,SP,A,13,0,0,575.056,5040,0,0,0,0
2005,SP,C,3,4.446267466,17.0212766,887.688,4720,0,0,4.832,80
2005,SP,C,6,5.677649642,14.89361702,946.2,4800,0,0,39.752,160
2005,SP,C,7,5.437231339,12.76595745,450.912,3200,0,0,0,0
2005,SP,C,12,0.611460464,2.127659575,640.576,4480,0,0,0,0
2005,SP,C,15,56.13345195,155.3191489,652.112,5120,0,0,11.728,160
2005,SP,E,1,268.3621794,400,85.264,320,0,0,1.616,80
2005,SP,E,4,0,0,272.568,2720,0,0,0,0
2005,SP,E,8,0,0,493.592,3440,0,0,126.784,400
2005,SP,E,10,0,0,839.784,6000,0,0,0,0
2005,SP,E,14,0,0,111.536,1920,0,0,132.048,2320
2006,MX,A,2,286.4021434,561.7021277,132.16,1440,117.36,1280,0,0
2006,MX,A,6,199.4878189,400,302.4,2640,124.8,880,0,0
2006,MX,A,9,173.4216291,448.9361702,138.8,1200,183.2,1920,0,0
2006,MX,A,12,291.9109333,670.212766,31.76,400,160.72,1200,0,0
2006,MX,A,15,140.5397199,372.3404255,429.44,3520,102.64,720,0,0
2006,MX,C,3,163.5284417,314.893617,827.2,5600,45.76,240,0,0
2006,MX,C,5,46.68110545,89.36170213,408.08,3920,86.16,720,1.04,80
2006,MX,C,7,174.3449166,346.8085106,214.08,2320,199.84,2000,14,1040
2006,MX,C,10,171.4306205,331.9148936,556,5520,111.2,1040,0,0
2006,MX,C,14,131.311939,293.6170213,133.04,1200,202.8,1280,0.48,80
2006,MX,E,1,315.3865147,644.6808511,72.4,560,25.68,160,0,0
2006,MX,E,4,311.6207972,736.1702128,26.88,320,47.84,320,0,0
2006,MX,E,8,138.1950859,495.7446809,261.52,2080,95.68,720,0.56,160
2006,MX,E,11,270.1139276,625.5319149,180.4,1760,100.72,880,0,0
2006,MX,E,13,161.4053894,512.7659575,0,0,142.96,800,0,0
2006,SC,A,2,561.782177,797.8723404,0,0,0,0,0,0
2006,SC,A,4,740.6893327,729.787234,173.2,1040,57.92,480,0,0
2006,SC,A,8,399.8223778,497.8723404,88.72,640,129.36,1040,0,0
2006,SC,A,12,18.66246653,48.93617021,217.12,2400,156.96,1440,0,0
2006,SC,A,15,191.1417831,336.1702128,0,0,284.48,2240,0,0
2006,SC,C,3,299.1895216,419.1489362,598.4,4400,0,0,1.68,80
2006,SC,C,5,187.565225,348.9361702,629.2,5520,0,0,0,0
2006,SC,C,7,452.9399633,476.5957447,0,0,275.44,2080,0,0
2006,SC,C,11,238.9539242,374.4680851,176.56,1760,36.96,560,0,0
2006,SC,C,13,135.8074626,163.8297872,672.4,4480,38.32,480,0,0
2006,SC,E,1,418.4368964,774.4680851,0,0,89.36,560,0,0
2006,SC,E,6,487.560926,948.9361702,0,0,167.44,1120,0,0
2006,SC,E,9,330.9466281,608.5106383,116.32,1520,121.44,880,115.36,240
2006,SC,E,10,279.0450394,485.106383,112.88,800,17.76,320,157.76,160
2006,SC,E,14,289.9087827,606.3829787,150.88,880,165.28,960,0,0
2006,SP,A,2,0,0,385.76,5520,0,0,0.8,80
2006,SP,A,5,0,0,337.52,2400,0,0,0,0
2006,SP,A,9,91.38503307,182.9787234,463.6,3840,0,0,0,0
2006,SP,A,11,0,0,210.4,2560,142.4,1120,27.12,160
2006,SP,A,13,0,0,510.08,4160,0,0,0,0
2006,SP,C,3,1.549448759,4.255319149,1469.84,9760,0,0,0.56,80
2006,SP,C,6,4.767674336,10.63829787,673.36,4480,0,0,132.24,880
2006,SP,C,7,2.579884619,10.63829787,631.92,5200,0,0,0,0
2006,SP,C,12,4.432432556,12.76595745,800.16,5840,0,0,0,0
2006,SP,C,15,46.19306546,108.5106383,787.12,5600,0,0,17.84,1360
2006,SP,E,1,319.5985256,487.2340426,0.48,80,0,0,248.08,160
2006,SP,E,4,0,0,254.72,2880,0,0,0,0
2006,SP,E,8,0,0,199.52,2480,0,0,122.24,160
2006,SP,E,10,0,0,302.88,2720,0,0,0,0
2006,SP,E,14,0,0,67.52,1360,0,0,74.72,2160
2007,MX,A,2,273.7824441,536.1702128,121.28,960,70.8,400,0,0
2007,MX,A,6,234.8971074,459.5744681,329.84,2000,92.8,560,0,0
2007,MX,A,9,190.738024,512.7659575,68,720,214.8,2000,17.12,800
2007,MX,A,12,364.5206867,753.1914894,15.12,160,159.6,1120,0,0
2007,MX,A,15,96.73514175,255.3191489,417.6,2720,76.8,480,0,0
2007,MX,C,3,213.4371981,404.2553192,384.64,2160,116,640,8.32,160
2007,MX,C,5,221.9874397,382.9787234,346.8,2320,119.52,720,11.28,240
2007,MX,C,7,174.9234284,312.7659575,150.08,1360,131.44,1520,1.84,400
2007,MX,C,10,276.9067449,536.1702128,413.52,3600,255.92,2240,0,0
2007,MX,C,14,160.4582304,319.1489362,442.24,3440,35.2,320,7.28,80
2007,MX,E,1,360.4154113,704.2553192,168.24,1280,88.24,720,19.92,400
2007,MX,E,4,388.4763878,817.0212766,73.6,400,35.2,240,0,0
2007,MX,E,8,147.3766015,546.8085106,311.04,1680,81.84,800,0,0
2007,MX,E,11,222.9583545,517.0212766,164.64,880,136.48,880,0.88,80
2007,MX,E,13,146.4223264,442.5531915,23.44,160,262,1360,0,0
2007,SC,A,2,493.7819563,665.9574468,14.8,80,42.32,240,28.88,240
2007,SC,A,4,776.9140167,661.7021277,117.28,560,0,0,1.04,80
2007,SC,A,8,425.1079786,465.9574468,8.56,80,136.32,1360,0,0
2007,SC,A,12,27.21379201,63.82978723,285.2,3120,225.12,2400,0,0
2007,SC,A,15,204.0237126,348.9361702,0,0,159.2,1600,0,0
2007,SC,C,3,334.6604637,357.4468085,492.8,2720,0,0,0,0
2007,SC,C,5,246.0845285,344.6808511,844.08,5200,40.32,160,0,0
2007,SC,C,7,409.2089741,468.0851064,0,0,376.72,2400,14.96,240
2007,SC,C,11,256.2867874,334.0425532,242.72,1360,0,0,0,0
2007,SC,C,13,173.1328677,208.5106383,652.48,4640,38.72,240,0,0
2007,SC,E,1,390.7828282,695.7446809,0,0,112.8,640,0,0
2007,SC,E,6,491.8439004,780.8510638,0,0,25.76,240,0,0
2007,SC,E,9,365.9232314,691.4893617,23.04,160,65.28,400,59.12,80
2007,SC,E,10,415.3536411,663.8297872,35.2,160,33.6,160,140,480
2007,SC,E,14,387.0371916,838.2978723,51.2,960,13.6,80,0,0
2007,SP,A,2,0,0,426.08,3760,0,0,2.48,240
2007,SP,A,5,0,0,596.96,3520,0,0,0,0
2007,SP,A,9,87.99895912,223.4042553,315.84,2560,0,0,0.16,80
2007,SP,A,11,0,0,326.56,2640,147.04,1200,203.04,240
2007,SP,A,13,0,0,451.04,4720,0,0,0,0
2007,SP,C,3,6.304310264,21.27659575,1173.12,5920,0,0,7.68,320
2007,SP,C,6,11.39386807,29.78723404,622.32,3760,0,0,0,0
2007,SP,C,7,14.06658023,38.29787234,774.48,6080,0,0,0,0
2007,SP,C,12,10.80403065,27.65957447,757.76,5520,0,0,0.64,80
2007,SP,C,15,111.1538044,274.4680851,512.96,3600,0,0,4.96,80
2007,SP,E,1,312.783751,542.5531915,52.64,480,0,0,249.2,480
2007,SP,E,4,0,0,238.4,2000,0,0,56.88,880
2007,SP,E,8,0,0,506.08,5920,0,0,1.44,160
2007,SP,E,10,0,0,574.8,3360,0,0,0,0
2007,SP,E,14,0,0,198.24,1440,0,0,517.6,960
2008,MX,A,2,216.715672,489.3617021,189.84,1200,75.12,640,0,0
2008,MX,A,6,158.9916853,334.0425532,263.12,1600,66.48,320,0,0
2008,MX,A,9,147.0420677,285.106383,196.96,1680,218,2080,0,0
2008,MX,A,12,257.3843765,568.0851064,0,0,379.76,3120,4.72,80
2008,MX,A,15,63.99363441,170.212766,298.8,1600,15.04,240,0,0
2008,MX,C,3,147.8903272,282.9787234,713.76,5600,140.72,1040,0,0
2008,MX,C,5,191.13148,391.4893617,225.2,1760,287.84,2080,1.36,80
2008,MX,C,7,87.51401496,180.8510638,118.48,1040,179.44,1600,0.32,80
2008,MX,C,10,160.6857704,285.106383,418.16,3760,68.72,800,2.64,80
2008,MX,C,14,117.5911505,231.9148936,332.24,2800,110.24,640,5.12,80
2008,MX,E,1,384.5205861,840.4255319,52.88,400,56.24,400,0,0
2008,MX,E,4,325.8353104,751.0638298,73.52,400,137.6,960,0,0
2008,MX,E,8,99.46994155,306.3829787,242.16,1600,55.76,400,0,0
2008,MX,E,11,231.6636201,517.0212766,124.88,1280,91.12,880,0,0
2008,MX,E,13,75.59650305,221.2765957,29.36,320,302.48,2240,14.16,160
2008,SC,A,2,507.5038818,629.787234,0,0,22.88,80,8.64,80
2008,SC,A,4,517.3828213,514.893617,46,320,110.8,640,0,0
2008,SC,A,8,472.0290686,525.5319149,67.52,320,232.48,1200,0,0
2008,SC,A,12,21.510601,48.93617021,95.92,1120,282.56,2400,0,0
2008,SC,A,15,183.5140497,297.8723404,0,0,313.76,2640,0,0
2008,SC,C,3,332.800767,353.1914894,475.92,3520,0,0,0,0
2008,SC,C,5,232.5231665,314.893617,669.76,5920,21.52,240,0,0
2008,SC,C,7,320.5039996,368.0851064,43.12,320,292.72,1680,8,240
2008,SC,C,11,209.7836496,225.5319149,570.08,3760,14.64,80,0,0
2008,SC,C,13,168.3042722,180.8510638,313.92,1760,25.92,240,0,0
2008,SC,E,1,446.34403,657.4468085,28.56,160,179.28,880,0,0
2008,SC,E,6,463.8839796,774.4680851,16.72,80,41.6,400,0,0
2008,SC,E,9,286.5673252,459.5744681,0,0,27.68,240,22.08,80
2008,SC,E,10,380.9019038,536.1702128,78.48,480,27.28,400,64.56,480
2008,SC,E,14,316.4382014,661.7021277,215.12,1280,68.64,560,0,0
2008,SP,A,2,0,0,798.8,4160,0,0,0.16,80
2008,SP,A,5,0,0,461.6,2640,0,0,2.8,80
2008,SP,A,9,63.95161804,153.1914894,366.8,3360,0,0,0,0
2008,SP,A,11,0,0,287.92,2480,152.88,1520,0.56,80
2008,SP,A,13,0,0,581.44,5040,0,0,0,0
2008,SP,C,3,0,0,1077.36,5600,0,0,2.4,80
2008,SP,C,6,9.692092159,25.53191489,511.2,3040,0,0,42.16,320
2008,SP,C,7,15.04818351,42.55319149,407.84,4080,0,0,0,0
2008,SP,C,12,29.58841184,76.59574468,390.8,3600,0,0,0,0
2008,SP,C,15,124.8839697,246.8085106,396.64,2800,0,0,113.28,160
2008,SP,E,1,268.4186242,431.9148936,4.16,80,0,0,0,0
2008,SP,E,4,0,0,237.6,1280,0,0,0.56,80
2008,SP,E,8,0,0,627.52,6480,0,0,0,0
2008,SP,E,10,0,0,471.84,4560,0,0,0,0
2008,SP,E,14,0,0,268.56,2320,0,0,217.92,960
2009,MX,A,2,81.40419431,187.2340426,236.24,1760,170.4,880,0,0
2009,MX,A,6,106.9552012,285.106383,404.08,2480,233.52,1200,0,0
2009,MX,A,9,80.29647146,285.106383,176,1600,105.92,880,0,0
2009,MX,A,12,328.9081617,817.0212766,45.52,320,384.32,2880,0,0
2009,MX,A,15,62.58720161,225.5319149,70.08,240,252.48,1040,0,0
2009,MX,C,3,159.5075914,372.3404255,378.72,2720,220.48,1520,6.64,160
2009,MX,C,5,153.4976236,380.8510638,384.56,2400,189.44,1200,0,0
2009,MX,C,7,106.4232386,263.8297872,240.64,2560,209.28,1280,0,0
2009,MX,C,10,227.6887282,434.0425532,182.16,1360,269.04,1920,0,0
2009,MX,C,14,143.0921186,382.9787234,281.6,2000,226.24,1280,0,0
2009,MX,E,1,321.6803659,744.6808511,274.16,1520,107.36,800,3.52,320
2009,MX,E,4,201.3464808,568.0851064,23.84,240,96.64,480,0,0
2009,MX,E,8,66.5164468,223.4042553,426.88,2880,89.04,720,0,0
2009,MX,E,11,184.1948773,489.3617021,132,960,245.92,1680,0,0
2009,MX,E,13,100.5296477,374.4680851,0,0,163.36,560,1.52,80
2009,SC,A,2,540.2552828,657.4468085,32,80,0,0,6.96,160
2009,SC,A,4,516.7681527,495.7446809,32.4,160,146.48,800,0,0
2009,SC,A,8,344.9249591,380.8510638,73.04,400,175.28,1200,0,0
2009,SC,A,12,32.224453,70.21276596,349.04,2640,188.8,2480,0,0
2009,SC,A,15,220.4112126,402.1276596,0,0,526.96,3920,0,0
2009,SC,C,3,276.5149672,314.893617,623.6,3200,0,0,0,0
2009,SC,C,5,204.7308039,289.3617021,703.6,5040,30.08,80,0,0
2009,SC,C,7,298.9550977,355.3191489,4.72,80,327.2,1520,3.2,80
2009,SC,C,11,185.6100185,225.5319149,264.48,1840,25.12,480,0,0
2009,SC,C,13,193.347817,225.5319149,470,2480,30.16,160,0,0
2009,SC,E,1,336.329726,600,97.04,560,141.04,880,0.72,80
2009,SC,E,6,427.0526572,693.6170213,0,0,110.88,480,0,0
2009,SC,E,9,258.7189591,431.9148936,4.4,240,29.92,160,123.76,640
2009,SC,E,10,349.4778167,487.2340426,5.52,160,16.16,240,30.8,160
2009,SC,E,14,246.1681227,697.8723404,105.92,640,87.44,640,0,0
2009,SP,A,2,0,0,366.64,2800,47.68,160,12.08,320
2009,SP,A,5,0,0,532.8,2960,0,0,0.96,80
2009,SP,A,9,106.8681554,295.7446809,270.8,1600,75.76,560,24.72,240
2009,SP,A,11,0,0,431.84,3040,271.68,1440,0,0
2009,SP,A,13,0,0,488,3040,0,0,0,0
2009,SP,C,3,0,0,322.96,1760,0,0,0,0
2009,SP,C,6,15.80003591,51.06382979,269.36,1920,119.92,320,0,0
2009,SP,C,7,11.54112169,59.57446809,194.48,1440,101.4,400,0,0
2009,SP,C,12,36.66256465,134.0425532,192,1440,151.84,640,0.48,80
2009,SP,C,15,101.5824609,270.212766,581.36,3600,96.72,160,0,0
2009,SP,E,1,133.9158074,357.4468085,32.8,160,0,0,0,0
2009,SP,E,4,0,0,448,2720,0,0,16.72,160
2009,SP,E,8,0,0,0,0,71.12,240,25.76,80
2009,SP,E,10,0,0,169.68,1360,0,0,0,0
2009,SP,E,14,0,0,489.12,3520,7.68,320,1375.36,400
2010,MX,A,2,311.6430556,687.2340426,206.4,2720,61.6,640,0,0
2010,MX,A,6,261.4340744,555.3191489,240.8,2480,217.6,1520,0,0
2010,MX,A,9,140.8043636,327.6595745,677.6,4720,92,720,0,0
2010,MX,A,12,291.5510714,674.4680851,0,0,306.4,2640,0,0
2010,MX,A,15,194.3178581,461.7021277,169.6,1120,135.2,400,67.2,720
2010,MX,C,3,269.9712441,617.0212766,572.8,4240,220,1760,8,320
2010,MX,C,5,246.0391584,546.8085106,272,1920,335.2,2720,2.4,80
2010,MX,C,7,170.4009138,429.787234,296,2000,395.2,3200,0,0
2010,MX,C,10,277.1032309,551.0638298,261.6,2480,134.4,1440,141.6,320
2010,MX,C,14,225.1053989,472.3404255,331.2,3200,396,2640,0,0
2010,MX,E,1,296.4979049,687.2340426,0,0,92,720,9.6,80
2010,MX,E,4,414.7444076,1014.893617,36,560,96,800,4.8,240
2010,MX,E,8,154.0360734,453.1914894,518.4,4320,176,1280,0,0
2010,MX,E,11,368.8963224,785.106383,298.4,2640,148.8,1520,0.88,160
2010,MX,E,13,281.3608531,717.0212766,45.6,800,452.8,2560,22.4,240
2010,SC,A,2,803.3538838,982.9787234,32,240,63.2,400,0,0
2010,SC,A,4,294.3987504,287.2340426,22.4,160,183.2,880,0,0
2010,SC,A,8,550.1565762,546.8085106,121.6,640,359.2,1920,0,0
2010,SC,A,12,53.20479763,138.2978723,563.2,4560,124.8,1920,0,0
2010,SC,A,15,116.5548658,223.4042553,1.6,80,227.2,1600,0,0
2010,SC,C,3,327.9103426,444.6808511,752,4000,0,0,0,0
2010,SC,C,5,79.57260294,127.6595745,1003.2,7360,0,0,0,0
2010,SC,C,7,496.94051,576.5957447,66.4,480,281.6,1440,28,160
2010,SC,C,11,267.8537352,357.4468085,235.2,1760,11.2,240,0,0
2010,SC,C,13,242.526742,319.1489362,950.4,7440,104.8,960,0,0
2010,SC,E,1,578.2346023,963.8297872,18.4,80,220.8,1920,0,0
2010,SC,E,6,364.0062241,629.787234,24.8,80,41.6,160,0,0
2010,SC,E,9,419.6541834,697.8723404,56,560,86.4,560,76.56,400
2010,SC,E,10,506.1303693,721.2765957,0,0,24,240,24,320
2010,SC,E,14,284.9861364,672.3404255,164,960,98.4,640,0,0
2010,SP,A,2,0,0,546.32,5520,0,0,37.84,240
2010,SP,A,5,12.6122412,40.42553192,808,6640,0,0,0,0
2010,SP,A,9,166.8411026,372.3404255,339.2,3920,0,0,14.4,560
2010,SP,A,11,0,0,419.2,3680,169.6,1600,22.4,80
2010,SP,A,13,0,0,543.2,5760,0,0,0,0
2010,SP,C,3,0,0,1370.96,8080,0,0,0.32,80
2010,SP,C,6,17.1480214,65.95744681,691.2,4240,0,0,0.88,80
2010,SP,C,7,23.54303842,91.4893617,728.8,7360,0,0,0,0
2010,SP,C,12,28.19617976,100,800.8,6960,0,0,2.4,80
2010,SP,C,15,102.2617147,236.1702128,862.4,5200,0,0,0,0
2010,SP,E,1,232.2120777,559.5744681,53.28,560,0,0,0,0
2010,SP,E,4,0,0,860.96,7040,0,0,0.4,160
2010,SP,E,8,0,0,332,4320,0,0,0,0
2010,SP,E,10,0,0,276,2960,0,0,3.2,160
2010,SP,E,14,0,0,413.6,3040,0,0,1176,320
2011,MX,A,2,412.9761319,780.8510638,458.24,3120,68.48,560,0,0
2011,MX,A,6,287.7177866,527.6595745,276.16,2480,83.84,640,0,0
2011,MX,A,9,192.3609135,382.9787234,440.8,2800,84.96,720,0,0
2011,MX,A,12,599.2951067,868.0851064,0,0,382.72,2960,3.04,320
2011,MX,A,15,457.854274,644.6808511,146.8,1520,114.48,640,8.64,800
2011,MX,C,3,368.3402128,557.4468085,738.72,4933.333333,104.96,500,4.4,160
2011,MX,C,5,433.84322,600,257.28,1760,455.68,3040,23.6,320
2011,MX,C,7,219.8823684,355.3191489,408.32,2880,228.48,1840,32.08,320
2011,MX,C,10,438.1088496,540.4255319,389.2,2960,228.48,1680,0,0
2011,MX,C,14,250.1911293,389.3617021,556,3520,291.28,1600,57.92,80
2011,MX,E,1,682.6056947,1170.212766,0,0,151.36,1040,0.16,80
2011,MX,E,4,683.9787782,1251.06383,4.32,80,230.72,1680,0,0
2011,MX,E,8,256.6994897,495.7446809,426.64,2160,107.6,1040,0,0
2011,MX,E,11,571.6164906,793.6170213,66.64,480,161.04,1280,0,0
2011,MX,E,13,413.5170482,780.8510638,4.8,80,360.8,2160,0,0
2011,SC,A,2,970.4263743,1076.595745,176.88,960,13.68,80,0,0
2011,SC,A,4,999.877546,914.893617,57.28,480,189.76,1280,0,0
2011,SC,A,8,776.9188361,721.2765957,105.36,640,217.2,1280,0,0
2011,SC,A,12,122.9902318,172.3404255,335.92,2960,163.76,1680,0,0
2011,SC,A,15,448.8857118,587.2340426,12.08,80,266.8,1920,0,0
2011,SC,C,3,466.4940653,476.5957447,947.68,5760,0,0,0,0
2011,SC,C,5,318.003803,359.5744681,1150.88,7360,0,0,0,0
2011,SC,C,7,475.3612081,519.1489362,407.28,2640,466.88,3520,1.84,80
2011,SC,C,11,360.0232079,372.3404255,737.44,5040,178.6,800,0,0
2011,SC,C,13,245.9363006,248.9361702,746.72,4000,299.68,720,0,0
2011,SC,E,1,769.0639828,897.8723404,49.68,400,168.4,1120,0,0
2011,SC,E,6,615.6555088,921.2765957,108.16,640,119.84,640,0,0
2011,SC,E,9,557.1241159,757.4468085,0,0,101.2,800,74.64,560
2011,SC,E,10,779.8399388,912.7659575,0,0,39.52,400,11.68,80
2011,SC,E,14,552.7249448,895.7446809,281.2,1360,210.96,1840,0,0
2011,SP,A,2,0,0,452.88,2320,0,0,0,0
2011,SP,A,5,0,0,748.24,4240,0,0,0,0
2011,SP,A,9,230.2480451,387.2340426,242.56,960,0,0,0.16,80
2011,SP,A,11,6.073020463,17.0212766,554.08,4160,88,800,0,0
2011,SP,A,13,0,0,579.44,5360,36,160,0,0
2011,SP,C,3,2.396244453,6.382978723,982.16,5120,0,0,14.08,400
2011,SP,C,6,43.55902441,76.59574468,1236.64,5440,0,0,53.76,320
2011,SP,C,7,42.74357697,89.36170213,1223.2,7120,0,0,8.16,160
2011,SP,C,12,53.76605069,123.4042553,1026.24,6400,0,0,0,0
2011,SP,C,15,163.2280224,295.7446809,1725.44,8960,0,0,0,0
2011,SP,E,1,431.5184189,746.8085106,92.32,640,17.52,240,79.6,1440
2011,SP,E,4,0,0,808.72,4080,0,0,0,0
2011,SP,E,8,0,0,645.12,5280,0,0,11.92,240
2011,SP,E,10,1.480547137,2.127659575,207.76,2480,100.72,320,24.72,640
2011,SP,E,14,0,0,871.28,4880,0,0,271.28,80
2012,MX,A,2,290.4201235,534.0425532,103.28,720,24,240,0,0
2012,MX,A,6,266.0252263,472.3404255,155.12,1360,76,560,0,0
2012,MX,A,9,94.0618078,257.4468085,550.64,3440,65.52,640,0,0
2012,MX,A,12,509.3351538,763.8297872,0,0,113.44,1040,0,0
2012,MX,A,15,336.0991476,536.1702128,194.24,1360,93.28,480,46.96,160
2012,MX,C,3,303.7285163,542.5531915,245.36,1360,72.48,800,14.4,160
2012,MX,C,5,313.507044,493.6170213,228.64,1200,390.96,1920,17.28,160
2012,MX,C,7,147.3427257,351.0638298,400,2960,35.36,400,59.6,400
2012,MX,C,10,177.7365934,327.6595745,343.28,2240,140.24,1120,0,0
2012,MX,C,14,76.65274496,193.6170213,388.88,2160,67.12,320,0,0
2012,MX,E,1,499.3880585,872.3404255,0,0,169.2,960,0,0
2012,MX,E,4,436.6318201,742.5531915,141.68,1120,207.84,1600,0,0
2012,MX,E,8,190.1059615,402.1276596,18.4,160,19.76,80,0.64,160
2012,MX,E,11,417.5843373,800,29.44,400,122.24,880,0,0
2012,MX,E,13,276.1888034,595.7446809,48.24,320,261.04,1680,0,0
2012,SC,A,2,527.8974186,608.5106383,0,0,14.16,80,0,0
2012,SC,A,4,715.2569486,625.5319149,121.6,560,179.76,1040,0,0
2012,SC,A,8,428.867569,453.1914894,5.92,80,122.24,720,0,0
2012,SC,A,12,179.89411,263.8297872,308.48,2480,166.64,1600,0,0
2012,SC,A,15,409.0032811,593.6170213,0,0,151.04,1440,0,0
2012,SC,C,3,282.318631,387.2340426,210.08,1040,29.28,80,0,0
2012,SC,C,5,209.3769204,278.7234043,448.64,2800,0,0,0,0
2012,SC,C,7,377.6811725,410.6382979,233.36,1360,85.6,720,0,0
2012,SC,C,11,279.3075867,334.0425532,626.16,3520,85.28,800,1.2,80
2012,SC,C,13,248.1236701,338.2978723,535.52,3360,1.68,80,0,0
2012,SC,E,1,517.0276763,742.5531915,44.4,160,32.88,240,0,0
2012,SC,E,6,489.9090203,759.5744681,0,80,31.28,240,0,0
2012,SC,E,9,565.4271039,706.3829787,30.16,240,48.4,400,105.84,480
2012,SC,E,10,576.5088639,687.2340426,0,0,45.76,400,51.68,80
2012,SC,E,14,479.5786238,755.3191489,0,0,103.6,720,0,0
2012,SP,A,2,0,0,652.56,2720,0,0,54,240
2012,SP,A,5,0,0,773.36,4320,0,0,0,0
2012,SP,A,9,221.7316896,480.8510638,455.12,2560,0,0,206.72,240
2012,SP,A,11,18.55825539,48.93617021,408.48,3120,44.8,480,0,0
2012,SP,A,13,10.88619583,17.0212766,674.24,5040,0,0,0,0
2012,SP,C,3,30.6953904,70.21276596,837.6,4720,0,0,0,0
2012,SP,C,6,59.39531319,142.5531915,500.88,3120,0,0,4.96,80
2012,SP,C,7,44.24128828,157.4468085,617.44,4400,0,0,0,0
2012,SP,C,12,60.1792169,182.9787234,781.44,5200,0,0,0,0
2012,SP,C,15,69.10660732,165.9574468,754.4,3840,0,0,104.4,80
2012,SP,E,1,362.3144601,576.5957447,62.8,320,32.88,240,0,0
2012,SP,E,4,0,0,596.64,3920,0,0,0,0
2012,SP,E,8,0,0,689.44,4400,0,0,0,0
2012,SP,E,10,1.570617285,8.510638298,512.48,4160,30,240,14.72,160
2012,SP,E,14,12.73480749,29.78723404,422.64,2480,0,0,212.88,320
2013,MX,A,2,508.2273304,819.1489362,36.96,240,58.08,320,0,0
2013,MX,A,6,551.1594547,829.787234,208.16,1360,39.44,320,0,0
2013,MX,A,9,134.4559012,340.4255319,315.52,3280,54.4,320,0,0
2013,MX,A,12,635.0408204,1010.638298,29.92,160,180.8,1120,0,0
2013,MX,A,15,528.9366385,827.6595745,251.68,1760,146.568,720,0.8,80
2013,MX,C,3,302.6212166,451.0638298,162.4,1120,238.64,960,0,0
2013,MX,C,5,452.676875,738.2978723,65.6,400,344.56,2320,0,0
2013,MX,C,7,90.96867224,240.4255319,614,5920,54.4,480,0,0
2013,MX,C,10,305.3221662,565.9574468,365.84,2800,111.92,960,0,0
2013,MX,C,14,135.5514462,351.0638298,315.36,2880,108.8,720,0,0
2013,MX,E,1,681.9815363,1191.489362,33.6,160,100.88,640,0,0
2013,MX,E,4,662.2094927,1234.042553,113.28,560,196.48,1040,0,0
2013,MX,E,8,303.3456928,693.6170213,90.4,720,57.44,480,0,0
2013,MX,E,11,509.37663,1019.148936,38.48,480,128.24,1120,0,0
2013,MX,E,13,350.0351769,817.0212766,52.08,240,139.12,1120,0,0
2013,SC,A,2,929.2285944,861.7021277,60.48,320,10.8,80,0,0
2013,SC,A,4,984.0377779,853.1914894,99.36,320,59.68,240,0,0
2013,SC,A,8,886.8221048,793.6170213,0,0,92.56,800,0,0
2013,SC,A,12,304.681555,342.5531915,65.76,880,10.24,80,0,0
2013,SC,A,15,530.3966394,763.8297872,0,0,426.88,1280,1.28,80
2013,SC,C,3,274.799288,306.3829787,449.36,2000,0,0,0,0
2013,SC,C,5,259.7832647,308.5106383,604.4,4000,0,0,0,0
2013,SC,C,7,476.9936598,480.8510638,226.48,2080,164.8,960,101.2,160
2013,SC,C,11,321.9440434,306.3829787,244.16,1760,135.84,960,0,0
2013,SC,C,13,351.951786,346.8085106,574.32,3920,53.12,320,0,0
2013,SC,E,1,811.8442515,1038.297872,113.92,560,56.8,400,0,0
2013,SC,E,6,881.3824994,963.8297872,52.8,240,47.12,320,0,0
2013,SC,E,9,701.1305888,851.0638298,0,0,26.64,160,11.76,80
2013,SC,E,10,681.0848488,808.5106383,0,0,34.32,320,0,0
2013,SC,E,14,498.3078927,757.4468085,115.04,880,48.08,240,0,0
2013,SP,A,2,0,0,465.6,2880,0,0,0,0
2013,SP,A,5,0,0,571.52,3600,0,0,0,0
2013,SP,A,9,568.123244,829.787234,107.2,720,0,0,0,0
2013,SP,A,11,54.51038003,110.6382979,506.88,4000,61.12,560,0,0
2013,SP,A,13,61.66716563,93.61702128,457.84,3120,0,0,0,0
2013,SP,C,3,113.8226196,204.2553192,1468.4,9440,0,0,0,0
2013,SP,C,6,54.32131244,138.2978723,804.16,4640,0,0,0,0
2013,SP,C,7,43.92102381,157.4468085,448.88,4000,0,0,0,0
2013,SP,C,12,49.18624484,142.5531915,641.44,4400,0,0,109.12,80
2013,SP,C,15,84.37591177,206.3829787,400.64,2080,0,0,0,0
2013,SP,E,1,336.8082676,661.7021277,119.28,560,18.56,80,0,0
2013,SP,E,4,0,0,788,5840,0,0,0,0
2013,SP,E,8,3.951886297,14.89361702,372.8,2800,0,0,0,0
2013,SP,E,10,16.17391748,48.93617021,545.28,4880,12.2,160,17.76,240
2013,SP,E,14,18.9333283,42.55319149,668.24,4320,0,0,0,0
2014,MX,A,2,570.6741887,928.3018868,30.96,240,63.2,480,0,0
2014,MX,A,6,562.5383197,958.490566,157.12,1040,4.16,80,0,0
2014,MX,A,9,137.0087308,343.3962264,292.96,1920,3.84,80,0,0
2014,MX,A,12,619.9398051,1000,6.32,80,87.84,640,0,0
2014,MX,A,15,512.0513872,762.2641509,205.68,1120,168.08,720,0,0
2014,MX,C,3,462.2532727,689.3617021,122.32,560,404.24,2240,29.36,240
2014,MX,C,5,503.1937153,780.8510638,166.48,800,215.2,1440,0,0
2014,MX,C,7,175.758251,370.212766,366.72,2160,109.6,800,12.64,80
2014,MX,C,10,294.6639763,621.2765957,296.56,2080,21.52,240,0,0
2014,MX,C,14,99.50968394,276.5957447,689.44,4720,8.24,80,0,0
2014,MX,E,1,638.1193906,1192.45283,0,0,88.96,560,0,0
2014,MX,E,4,658.9576962,1007.54717,60.64,480,50.64,400,0,0
2014,MX,E,8,361.8036756,856.6037736,132.16,1120,12.88,160,0,0
2014,MX,E,11,479.7356532,922.6415094,45.6,400,50.64,400,0,0
2014,MX,E,13,398.9694577,916.9811321,228.24,1600,90.88,400,0,0
2014,SC,A,2,717.8134301,769.8113208,54.72,320,13.04,80,0,0
2014,SC,A,4,874.5264715,752.8301887,148.96,480,0,0,0,0
2014,SC,A,8,720.3987345,626.4150943,1.2,80,40.08,400,0,0
2014,SC,A,12,352.2714931,428.3018868,34.8,480,36,400,0,0
2014,SC,A,15,477.4771918,701.8867925,0,0,82.08,720,0,0
2014,SC,C,3,370.1236852,417.0212766,670.72,4720,0,0,0,0
2014,SC,C,5,314.0066092,444.6808511,508.96,4160,0,0,0,0
2014,SC,C,7,422.0832833,457.4468085,204.56,1840,81.84,800,0,0
2014,SC,C,11,748.9445656,706.3829787,146.64,1360,98.96,1040,0,0
2014,SC,C,13,436.2140081,438.2978723,457.52,3200,38.56,400,0,0
2014,SC,E,1,531.4883274,869.8113208,0,0,16.72,80,0,0
2014,SC,E,6,647.8820544,809.4339623,140.56,800,0,0,0,0
2014,SC,E,9,799.6838848,843.3962264,0,0,22.8,240,0,0
2014,SC,E,10,727.081096,824.5283019,37.44,240,36,320,0,0
2014,SC,E,14,628.2488074,971.6981132,114.16,640,47.68,320,0,0
2014,SP,A,2,0,0,665.36,4960,0,0,0,0
2014,SP,A,5,0,0,494.8,3920,0,0,0,0
2014,SP,A,9,588.8557149,764.1509434,39.92,560,0,0,0,0
2014,SP,A,11,107.5419684,226.4150943,327.44,2720,0,0,0,0
2014,SP,A,13,95.45913436,162.2641509,355.44,2960,0,0,0,0
2014,SP,C,3,124.9115052,234.0425532,1050.32,4960,0,0,0,0
2014,SP,C,6,77.26611284,197.8723404,845.28,4160,0,0,20.72,160
2014,SP,C,7,37.7409853,174.4680851,1021.92,7280,0,0,0,0
2014,SP,C,12,88.93608461,208.5106383,855.44,5520,0,0,0,0
2014,SP,C,15,158.7695555,351.0638298,591.2,3200,0,0,0,0
2014,SP,E,1,346.2878652,654.7169811,126.88,640,15.84,80,97.12,80
2014,SP,E,4,1.246607333,1.886792453,330.16,2080,0,0,0,0
2014,SP,E,8,3.474992348,11.32075472,513.6,6240,0,0,0,0
2014,SP,E,10,53.44531308,152.8301887,205.68,1920,38.24,400,26.72,1280
2014,SP,E,14,88.6304801,150.9433962,195.2,1440,0,0,340.88,80
2015,MX,A,2,542.9395237,841.509434,5.76,80,64.16,320,0,0
2015,MX,A,6,635.1128145,822.6415094,19.384,240,162.24,720,0,0
2015,MX,A,9,177.4770787,360.3773585,158.88,1120,29.04,160,0,0
2015,MX,A,12,587.1525535,824.5283019,0,0,171.28,1200,0,0
2015,MX,A,15,510.1718262,650.9433962,127.28,720,203.52,880,0,0
2015,MX,C,3,313.2868184,514.893617,38.32,640,194.64,1360,0,0
2015,MX,C,5,369.2860081,542.5531915,19.496,320,217.968,960,0,0
2015,MX,C,7,126.0638712,280.8510638,585.04,3360,43.52,320,0,0
2015,MX,C,10,261.714361,463.8297872,441.12,2960,127.92,960,0,0
2015,MX,C,14,109.4829344,270.212766,437.04,3920,141.84,880,0,0
2015,MX,E,1,580.946902,935.8490566,0,0,45.552,400,0,0
2015,MX,E,4,564.3924131,937.7358491,61.04,320,104.88,400,0,0
2015,MX,E,8,300.6260539,613.2075472,66.48,320,134.88,720,0,0
2015,MX,E,11,443.5924276,832.0754717,144.32,800,88.08,560,0,0
2015,MX,E,13,323.3493022,773.5849057,143.68,1040,35.976,320,0,0
2015,SC,A,2,737.0031606,692.4528302,0,0,156.512,720,0,0
2015,SC,A,4,777.6599503,607.5471698,10.408,80,43.264,240,0,0
2015,SC,A,8,663.718764,558.490566,0,0,56.792,320,0,0
2015,SC,A,12,336.2897898,352.8301887,30.208,240,0,0,0,0
2015,SC,A,15,470.2551314,535.8490566,0,0,65.648,480,0,0
2015,SC,C,3,318.9180644,334.0425532,155.368,1040,0,0,0,0
2015,SC,C,5,294.4765509,338.2978723,365.208,3200,42.112,160,0,0
2015,SC,C,7,163.7803521,210.6382979,83.784,400,0,0,0,0
2015,SC,C,11,486.7109008,474.4680851,267.824,1840,130.264,640,0,0
2015,SC,C,13,362.0399867,357.4468085,658.096,3680,71.68,320,0,0
2015,SC,E,1,615.5817389,756.6037736,0,0,0,0,0,0
2015,SC,E,6,534.5410629,724.5283019,5.664,80,18.088,80,0,0
2015,SC,E,9,578.006574,630.1886793,0,0,9.608,80,0,0
2015,SC,E,10,574.9766438,626.4150943,0,0,11.952,0,0,0
2015,SC,E,14,491.5257569,654.7169811,19.776,80,16.144,160,0,0
2015,SP,A,2,0,0,809.2,3680,0,0,0,0
2015,SP,A,5,0,0,391.488,2640,0,0,0,0
2015,SP,A,9,564.4790512,749.0566038,30.784,160,7.432,80,0,0
2015,SP,A,11,221.8296471,337.7358491,210.92,1520,7.6,80,0,0
2015,SP,A,13,230.4697328,279.245283,235.824,1920,0,0,0,0
2015,SP,C,3,110.981681,200,896.0208,3760,0,0,0,0
2015,SP,C,6,62.81578689,136.1702128,911.04,5200,0,0,28.936,80
2015,SP,C,7,30.55562633,119.1489362,859.888,7360,0,0,0,0
2015,SP,C,12,78.28164492,193.6170213,635.792,4320,0,0,140.288,80
2015,SP,C,15,121.0050224,244.6808511,1014.952,5600,0,0,0,0
2015,SP,E,1,316.3354069,479.245283,56.328,160,20.144,160,0,0
2015,SP,E,4,0,0,330.872,2000,0,0,620.76,880
2015,SP,E,8,5.449843435,11.32075472,472.872,2960,0,0,0,0
2015,SP,E,10,202.6108367,415.0943396,160.848,1920,48.896,240,6.856,400
2015,SP,E,14,163.4009481,258.490566,250.536,1680,0,0,72.128,80
2016,MX,A,2,300.3577583,543.3962264,78.4,400,175.68,960,0,0
2016,MX,A,6,359.2169824,726.4150943,33.2,320,47.6,320,0,0
2016,MX,A,9,89.07838372,267.9245283,154.08,1520,0,0,0,0
2016,MX,A,12,195.5085056,592.4528302,0,0,71.76,320,0,0
2016,MX,A,15,216.9495822,433.9622642,96.96,1040,105.36,880,0,0
2016,MX,C,3,193.1538327,540.4255319,0,0,208.72,1200,0,0
2016,MX,C,5,203.3752398,502.1276596,18,320,125.2,1040,0,0
2016,MX,C,7,81.1691224,251.0638298,111.92,1200,15.12,80,0,0
2016,MX,C,10,159.5546407,500,382.88,2960,49.04,480,0,0
2016,MX,C,14,84.78022441,278.7234043,239.4,2000,225.2,1760,0,0
2016,MX,E,1,361.5069362,758.490566,0,0,94.88,480,0,0
2016,MX,E,4,222.073403,518.8679245,40.8,480,145.36,960,0,0
2016,MX,E,8,166.0954789,443.3962264,112.96,880,0,0,0,0
2016,MX,E,11,232.1248667,701.8867925,25.84,240,24.96,320,0,0
2016,MX,E,13,193.0465787,486.7924528,178.4,1840,15.2,160,0,0
2016,SC,A,2,455.1787809,650.9433962,0,0,34.8,160,0,0
2016,SC,A,4,444.4076783,564.1509434,38.96,320,0,0,0,0
2016,SC,A,8,354.2506048,437.7358491,0,0,29.2,240,0,0
2016,SC,A,12,218.133267,324.5283019,24.32,320,38.48,240,0,0
2016,SC,A,15,220.2508813,379.245283,0,0,82.32,560,0,0
2016,SC,C,3,300.2876975,365.9574468,400.88,2720,0,0,0,0
2016,SC,C,5,272.6373086,387.2340426,575.12,4720,45.52,320,0,0
2016,SC,C,7,249.5254374,340.4255319,206.88,2560,82.08,640,0,0
2016,SC,C,11,315.1420509,410.6382979,521.92,3120,75.04,480,0,0
2016,SC,C,13,324.0857557,440.4255319,292.8,1680,58.96,400,0,0
2016,SC,E,1,289.4837371,616.9811321,17.04,160,0,0,0,0
2016,SC,E,6,345.1093499,496.2264151,0,0,0,0,0,0
2016,SC,E,9,409.5427738,626.4150943,22.48,160,0,0,145.36,80
2016,SC,E,10,354.8397805,598.1132076,17.68,80,0,0,0,0
2016,SC,E,14,234.6573829,400,105.36,720,101.76,720,0,0
2016,SP,A,2,1.83680909,1.886792453,144.48,960,0,0,0,0
2016,SP,A,5,0,0,390.8,2880,0,0,0,0
2016,SP,A,9,522.9059494,777.3584906,165.12,320,0,0,0,0
2016,SP,A,11,121.395844,326.4150943,182.08,2160,0,0,0,0
2016,SP,A,13,294.3611216,392.4528302,199.92,1760,0,0,0,0
2016,SP,C,3,87.8544815,172.3404255,234.48,1360,0,0,0,0
2016,SP,C,6,110.2280256,208.5106383,260.4,1920,0,0,0,0
2016,SP,C,7,50.82758712,204.2553192,476.16,4640,0,0,215.36,160
2016,SP,C,12,61.42982522,180.8510638,313.36,2720,0,0,0,0
2016,SP,C,15,149.7290571,344.6808511,493.12,3840,0,0,0,0
2016,SP,E,1,140.3100747,284.9056604,5.12,80,57.76,320,0,0
2016,SP,E,4,0,0,256.16,2640,0,0,0,0
2016,SP,E,8,23.57446118,58.49056604,420.96,2480,0,0,0,0
2016,SP,E,10,168.8680014,479.245283,75.76,640,20.64,160,0,0
2016,SP,E,14,218.4704072,377.3584906,152.8,1360,0,0,0.72,160
2017,MX,A,2,303.9771756,475.4716981,11.92,240,122.16,480,0,0
2017,MX,A,6,516.3879901,847.1698113,23.68,240,142,2400,0,0
2017,MX,A,9,87.1950023,279.245283,167.68,880,86.64,480,0,0
2017,MX,A,12,319.4964247,618.8679245,0,0,80.88,640,0,0
2017,MX,A,15,305.8002646,515.0943396,114.64,1520,205.28,1200,0,0
2017,MX,C,3,201.9848068,380.8510638,62.64,320,89.76,560,0,0
2017,MX,C,5,179.4368253,412.7659575,135.92,800,352.08,2080,0,0
2017,MX,C,7,102.2622524,223.4042553,601.76,4640,139.28,960,0,0
2017,MX,C,10,164.016487,414.893617,427.44,3840,77.84,880,0,0
2017,MX,C,14,122.1724891,287.2340426,526.96,4960,159.76,1280,0,0
2017,MX,E,1,533.7632192,869.8113208,0,0,85.12,400,0,0
2017,MX,E,4,381.2362193,703.7735849,132.96,1200,704.08,3680,0,0
2017,MX,E,8,219.6447141,545.2830189,25.52,80,172.16,400,0,0
2017,MX,E,11,312.9543032,718.8679245,36.56,400,39.44,320,0,0
2017,MX,E,13,280.4829893,643.3962264,251.04,1440,7.04,160,0,0
2017,SC,A,2,512.2258208,575.4716981,0,0,36.24,240,0,0
2017,SC,A,4,443.5036134,488.6792453,0,0,0,0,0,0
2017,SC,A,8,421.9471277,475.4716981,0,0,23.84,160,0,0
2017,SC,A,12,338.4090934,422.6415094,40.16,160,52,320,0,0
2017,SC,A,15,319.356256,554.7169811,38.56,240,133.44,960,0,0
2017,SC,C,3,217.6842331,278.7234043,312.16,2640,0,0,0,0
2017,SC,C,5,253.3714976,306.3829787,563.92,2200,0,0,0,0
2017,SC,C,7,132.9896503,204.2553192,284.8,2400,15.52,80,0,0
2017,SC,C,11,197.4951084,265.9574468,461.68,3760,22,160,0,0
2017,SC,C,13,268.2074116,323.4042553,327.44,2400,61.6,400,0,0
2017,SC,E,1,502.928115,666.0377359,0,0,0,0,0,0
2017,SC,E,6,540.0326309,679.245283,0,0,0,0,0,0
2017,SC,E,9,507.8033205,658.490566,0,0,41.28,240,0,0
2017,SC,E,10,450.4832297,732.0754717,0,0,42.88,400,0,0
2017,SC,E,14,371.9099713,630.1886793,44.4,320,53.04,320,0,0
2017,SP,A,2,13.55660367,16.98113208,207.36,1520,0,0,0,0
2017,SP,A,5,0,0,424.56,1760,0,0,0,0
2017,SP,A,9,357.9370171,441.509434,55.84,560,0,0,0,0
2017,SP,A,11,193.9006114,411.3207547,124.08,1520,7.68,160,0,0
2017,SP,A,13,398.8100283,473.5849057,163.36,1280,0,0,0,0
2017,SP,C,3,89.6760391,193.6170213,399.04,2560,0,0,0,0
2017,SP,C,6,50.94177565,117.0212766,581.52,3520,0,0,0,0
2017,SP,C,7,44.39915232,165.9574468,570.64,4800,0,0,0,0
2017,SP,C,12,41.55653631,134.0425532,489.68,3040,0,0,0,0
2017,SP,C,15,124.5192939,246.8085106,701.68,4000,0,0,0,0
2017,SP,E,1,99.88784582,133.9622642,42.24,320,36.32,240,0,0
2017,SP,E,4,3.005609321,3.773584906,328.16,2800,0,0,0,0
2017,SP,E,8,50.80499021,162.2641509,218.4,2320,0,0,0,0
2017,SP,E,10,327.3362279,594.3396226,19.28,80,82.48,480,0,0
2017,SP,E,14,325.318125,432.0754717,91.92,720,0,0,2.16,80
2018,MX,A,2,548.0350778,898.1132076,64.08,240,89.6,480,0,0
2018,MX,A,6,647.7009933,1077.358491,0,0,95.12,560,0,0
2018,MX,A,9,187.5757629,450.9433962,89.52,800,55.6,560,0,0
2018,MX,A,12,502.6844901,796.2264151,0,0,42.4,320,0,0
2018,MX,A,15,469.3189052,726.4150943,60.64,320,59.04,160,0,0
2018,MX,C,3,313.7512354,619.1489362,342.4,720,271.2,1200,65.84,80
2018,MX,C,5,364.1593394,640.4255319,48.88,160,351.52,1760,0,0
2018,MX,C,7,207.864386,442.5531915,582.64,4000,95.52,1280,0,0
2018,MX,C,10,171.3716297,363.8297872,925.84,7840,202.56,1600,0,0
2018,MX,C,14,201.3900351,357.4468085,785.28,4880,27.936,320,0,0
2018,MX,E,1,597.6260408,1054.716981,0,0,28.96,160,0,0
2018,MX,E,4,459.6502816,894.3396226,2.64,80,63.04,560,0,0
2018,MX,E,8,316.9004013,741.509434,28.88,400,91.44,560,0,0
2018,MX,E,11,389.3153167,700,114.56,640,13.92,160,0,0
2018,MX,E,13,366.8224651,726.4150943,116.64,480,41.92,160,0,0
2018,SC,A,2,789.1641738,764.1509434,0,0,56.72,400,0,0
2018,SC,A,4,794.1986006,698.1132076,0,0,159.28,400,0,0
2018,SC,A,8,588.7697389,624.5283019,0,0,29.28,160,0,0
2018,SC,A,12,481.771782,588.6792453,6.64,80,16.48,80,0,0
2018,SC,A,15,624.0265991,879.245283,126.72,720,110.24,640,0,0
2018,SC,C,3,396.0793093,451.0638298,185.84,1360,0,0,0,0
2018,SC,C,5,344.6918594,406.3829787,578.08,2720,0,0,0,0
2018,SC,C,7,360.6692887,470.212766,276.8,1520,91.12,560,0,0
2018,SC,C,11,353.4071587,393.6170213,431.68,2080,176.8,1360,0,0
2018,SC,C,13,465.2203747,436.1702128,399.44,2560,74.4,400,0,0
2018,SC,E,1,461.7569739,650.9433962,0,0,0,0,0,0
2018,SC,E,6,497.6720117,733.9622642,0,0,0,0,0,0
2018,SC,E,9,420.7554112,735.8490566,0,0,67.68,240,0,0
2018,SC,E,10,557.798277,835.8490566,0,0,23.12,240,0,0
2018,SC,E,14,562.392684,807.5471698,0,0,18.64,80,0,0
2018,SP,A,2,7.719882956,7.547169811,235.2,1120,0,0,0,0
2018,SP,A,5,0,0,378.24,1600,0,0,0,0
2018,SP,A,9,507.9571834,550.9433962,177.92,880,8,80,2.136,80
2018,SP,A,11,277.6554778,558.490566,179.28,1600,36.72,240,0,0
2018,SP,A,13,541.4496073,533.9622642,28.96,160,0,0,0,0
2018,SP,C,3,112.1440446,289.3617021,952,3840,0,0,0,0
2018,SP,C,6,82.14261925,182.9787234,660.56,3360,0,0,185.36,80
2018,SP,C,7,59.57821713,221.2765957,399.28,2800,0,0,0,0
2018,SP,C,12,139.3025471,331.9148936,771.2,4640,0,0,0,0
2018,SP,C,15,169.2034682,304.2553192,283.76,1840,0,0,0,0
2018,SP,E,1,108.8512457,179.245283,0,0,103.84,720,274.16,80
2018,SP,E,4,29.69231431,30.18867925,309.28,1280,0,0,86.64,320
2018,SP,E,8,149.5076547,339.6226415,237.84,1680,0,0,0,0
2018,SP,E,10,456.0645771,805.6603774,2.72,80,100.24,720,0,0
2018,SP,E,14,503.0993632,639.6226415,15.2,80,0,0,0,0
2019,MX,A,2,574.5320441,867.9245283,33.92,320,24.4,160,0,0
2019,MX,A,6,713.9341241,1041.509434,26.56,320,78.88,640,0,0
2019,MX,A,9,286.8545494,509.4339623,25.2,240,14.96,240,0,0
2019,MX,A,12,572.6913996,758.490566,0,0,33.52,400,0,0
2019,MX,A,15,471.5826331,703.7735849,0.88,80,66.16,320,0,0
2019,MX,C,3,467.6146991,623.4042553,62.24,480,264.88,1920,90.88,80
2019,MX,C,5,398.9057306,670.212766,88.96,400,253.92,1600,116.72,1200
2019,MX,C,7,222.9949761,353.1914894,332.32,1760,64.24,560,0,0
2019,MX,C,10,266.6174794,465.9574468,362.08,3360,56.88,480,0,0
2019,MX,C,14,229.2495998,325.5319149,331.92,2080,82.64,640,0,0
2019,MX,E,1,712.2407326,1135.849057,73.52,640,0,0,8.72,160
2019,MX,E,4,545.9893102,973.5849057,0,0,0,0,0,0
2019,MX,E,8,443.6919303,769.8113208,31.12,320,120.72,720,0,0
2019,MX,E,11,413.3351351,777.3584906,131.68,1040,19.44,240,0,0
2019,MX,E,13,391.5177509,818.8679245,194,1280,57.92,240,0,0
2019,SC,A,2,758.1892528,679.245283,0,0,0,0,0,0
2019,SC,A,4,855.5832327,639.6226415,0,0,0,0,0,0
2019,SC,A,8,759.0836824,558.490566,0,0,0.88,80,0,0
2019,SC,A,12,254.0121749,411.3207547,0,0,6.24,160,0,0
2019,SC,A,15,657.6714997,852.8301887,0,0,49.84,240,0,0
2019,SC,C,3,540.0532545,442.5531915,110.72,1600,23.6,80,0,0
2019,SC,C,5,407.35048,457.4468085,154.8,880,13.04,400,0,0
2019,SC,C,7,336.3284319,295.7446809,122.64,1520,51.28,880,3.2,80
2019,SC,C,11,502.1094081,453.1914894,199.68,1600,63.92,640,0,0
2019,SC,C,13,527.6660403,421.2765957,236.88,3440,37.68,480,0,0
2019,SC,E,1,488.658803,616.9811321,0,0,0,0,0,0
2019,SC,E,6,529.6305329,698.1132076,0,0,0,0,0,0
2019,SC,E,9,634.022043,720.754717,44.8,240,26.32,160,0,0
2019,SC,E,10,623.849118,788.6792453,0,0,30.48,240,0,0
2019,SC,E,14,637.4020642,750.9433962,1.44,80,37.84,320,0,0
2019,SP,A,2,26.68002298,24.52830189,65.36,480,0,0,0,0
2019,SP,A,5,0.889432236,1.886792453,115.04,960,0,0,12.96,480
2019,SP,A,9,890.1734051,860.3773585,58.96,240,2.96,80,21.12,80
2019,SP,A,11,334.8910772,575.4716981,51.68,560,16.56,80,0,0
2019,SP,A,13,714.3139631,609.4339623,0,0,0,0,0,0
2019,SP,C,3,141.3857835,265.9574468,515.2,2480,0,0,0,0
2019,SP,C,6,97.54368734,159.5744681,361.6,2240,0,0,0,0
2019,SP,C,7,87.13705354,189.3617021,303.2,1840,0,0,0,0
2019,SP,C,12,171.9257055,261.7021277,255.6,1760,0,0,300.64,400
2019,SP,C,15,157.7872027,259.5744681,634.08,4240,0,0,0,0
2019,SP,E,1,80.96391591,116.9811321,20.72,240,49.2,400,491.36,160
2019,SP,E,4,249.4832257,262.2641509,385.92,3040,0,0,0,0
2019,SP,E,8,248.2651529,418.8679245,148.24,1280,1.04,80,0,0
2019,SP,E,10,658.2972188,967.9245283,53.6,320,53.2,560,0,0
2019,SP,E,14,625.9279265,764.1509434,61.68,400,0,0,0,0